A. Pataricza;G. Pintér;2
G. Pintér;A. Pataricza;2
A. Pataricza;Henrique Madeira;2
Henrique Madeira;A. Pataricza;2
A. Pataricza;I. Majzik;2
I. Majzik;A. Pataricza;2
A. Pataricza;Marco Vieira;2
Marco Vieira;A. Pataricza;2
Ad Emmen;Attila Marosi;2
Attila Marosi;Ad Emmen;2
Ad Emmen;Filipe Araujo;2
Filipe Araujo;Ad Emmen;2
Ad Emmen;Gilles Fedak;2
Gilles Fedak;Ad Emmen;2
Ad Emmen;Gábor Gombás;2
Gábor Gombás;Ad Emmen;2
Ad Emmen;Gábor Terstyánszky;2
Gábor Terstyánszky;Ad Emmen;2
Ad Emmen;Ian Kelly;2
Ian Kelly;Ad Emmen;2
Ad Emmen;Ian Taylor;2
Ian Taylor;Ad Emmen;2
Ad Emmen;Miguel Cardenas-Montes;2
Miguel Cardenas-Montes;Ad Emmen;2
Ad Emmen;Oleg Lodygensky;2
Oleg Lodygensky;Ad Emmen;2
Ad Emmen;Péter Kacsuk;2
Péter Kacsuk;Ad Emmen;2
Ad Emmen;Róbert Lovas;2
Róbert Lovas;Ad Emmen;2
Ad Emmen;Tamas Kiss;2
Tamas Kiss;Ad Emmen;2
Ad Emmen;Zoltán Balaton;2
Zoltán Balaton;Ad Emmen;2
Ad Emmen;Zoltán Farkas;2
Zoltán Farkas;Ad Emmen;2
Afonso Comba de Araújo Neto;Henrique Madeira;2
Henrique Madeira;Afonso Comba de Araújo Neto;2
Afonso Comba de Araújo Neto;Joao Duraes;1
Joao Duraes;Afonso Comba de Araújo Neto;1
Afonso Comba de Araújo Neto;Marco Vieira;16
Marco Vieira;Afonso Comba de Araújo Neto;16
Afonso Comba de Araújo Neto;Naaliel Mendes;1
Naaliel Mendes;Afonso Comba de Araújo Neto;1
Afonso Comba de Araújo Neto;Raquel Rute Duarte Almeida;1
Raquel Rute Duarte Almeida;Afonso Comba de Araújo Neto;1
Alcides Fonseca;Bruno Cabral;5
Bruno Cabral;Alcides Fonseca;5
Alcides Fonseca;Jonathan Aldrich;2
Jonathan Aldrich;Alcides Fonseca;2
Alcides Fonseca;João Pedro Maia Rafael;2
João Pedro Maia Rafael;Alcides Fonseca;2
Alcides Fonseca;Paulo Marques;2
Paulo Marques;Alcides Fonseca;2
Alcides Fonseca;Sven Stork;1
Sven Stork;Alcides Fonseca;1
Aline Maria Santos Andrade;Carlos Alberto Maziero;1
Carlos Alberto Maziero;Aline Maria Santos Andrade;1
Aline Maria Santos Andrade;Flávio Morais de Assis Silva;1
Flávio Morais de Assis Silva;Aline Maria Santos Andrade;1
Aline Maria Santos Andrade;João Gabriel Silva;1
João Gabriel Silva;Aline Maria Santos Andrade;1
Alvaro E. Arenas;Filipe Araujo;2
Filipe Araujo;Alvaro E. Arenas;2
Alvaro E. Arenas;Gheorghe Cosmin Silaghi;4
Gheorghe Cosmin Silaghi;Alvaro E. Arenas;4
Alvaro E. Arenas;Luís Silva;4
Luís Silva;Alvaro E. Arenas;4
Alvaro E. Arenas;Patricio Domingues;3
Patricio Domingues;Alvaro E. Arenas;3
Ana Filipa Nogueira;Francisco Fernández de Vega;3
Francisco Fernández de Vega;Ana Filipa Nogueira;3
Ana Filipa Nogueira;José Carlos Bregieiro Ribeiro;4
José Carlos Bregieiro Ribeiro;Ana Filipa Nogueira;4
Ana Filipa Nogueira;Mário Alberto Zenha Rela;4
Mário Alberto Zenha Rela;Ana Filipa Nogueira;4
Ana Maria Ambrósio;Emilia Villani;4
Emilia Villani;Ana Maria Ambrósio;4
Ana Maria Ambrósio;Henrique Madeira;4
Henrique Madeira;Ana Maria Ambrósio;4
Ana Maria Ambrósio;Marco Vieira;7
Marco Vieira;Ana Maria Ambrósio;7
Ana Maria Ambrósio;Nuno Silva;1
Nuno Silva;Ana Maria Ambrósio;1
Ana Maria Ambrósio;Paulo C. Veras;4
Paulo C. Veras;Ana Maria Ambrósio;4
Ana Maria Ambrósio;Rodrigo P. Pontes;1
Rodrigo P. Pontes;Ana Maria Ambrósio;1
Aniello Napolitano;Gabriella Carrozza;3
Gabriella Carrozza;Aniello Napolitano;3
Aniello Napolitano;Joao Duraes;1
Joao Duraes;Aniello Napolitano;1
Aniello Napolitano;Marco Vieira;2
Marco Vieira;Aniello Napolitano;2
Aniello Napolitano;Nuno Antunes;1
Nuno Antunes;Aniello Napolitano;1
Aniello Napolitano;Nuno Laranjeiro;2
Nuno Laranjeiro;Aniello Napolitano;2
António Casimiro Costa;Cristina Gacek;1
Cristina Gacek;António Casimiro Costa;1
António Casimiro Costa;Filipe Araujo;3
Filipe Araujo;António Casimiro Costa;3
António Casimiro Costa;Henrique Madeira;4
Henrique Madeira;António Casimiro Costa;4
António Casimiro Costa;Marco Vieira;5
Marco Vieira;António Casimiro Costa;5
António Casimiro Costa;Mônica Dixit;1
Mônica Dixit;António Casimiro Costa;1
António Casimiro Costa;Nuno Laranjeiro;1
Nuno Laranjeiro;António Casimiro Costa;1
António Casimiro Costa;Raul Barbosa;3
Raul Barbosa;António Casimiro Costa;3
António Casimiro Costa;Rogério de Lemos;1
Rogério de Lemos;António Casimiro Costa;1
António Casimiro Costa;Samuel Neves;1
Samuel Neves;António Casimiro Costa;1
António Casimiro Costa;Serhiy Boychenko;1
Serhiy Boychenko;António Casimiro Costa;1
Artur Andrzejak;Javier Alonso;1
Javier Alonso;Artur Andrzejak;1
Artur Andrzejak;Jordi Torres;1
Jordi Torres;Artur Andrzejak;1
Artur Andrzejak;Luís Silva;9
Luís Silva;Artur Andrzejak;9
Artur Andrzejak;Patricio Domingues;4
Patricio Domingues;Artur Andrzejak;4
Attila Marosi;Ad Emmen;2
Ad Emmen;Attila Marosi;2
Attila Marosi;David Santiago;1
David Santiago;Attila Marosi;1
Attila Marosi;Diogo Ferreira;1
Diogo Ferreira;Attila Marosi;1
Attila Marosi;Etienne Urbah;1
Etienne Urbah;Attila Marosi;1
Attila Marosi;Filipe Araujo;3
Filipe Araujo;Attila Marosi;3
Attila Marosi;Gilles Fedak;2
Gilles Fedak;Attila Marosi;2
Attila Marosi;Gábor Gombás;3
Gábor Gombás;Attila Marosi;3
Attila Marosi;Gábor Terstyánszky;2
Gábor Terstyánszky;Attila Marosi;2
Attila Marosi;Ian Kelly;2
Ian Kelly;Attila Marosi;2
Attila Marosi;Ian Taylor;2
Ian Taylor;Attila Marosi;2
Attila Marosi;Jorge Farinha;1
Jorge Farinha;Attila Marosi;1
Attila Marosi;Luís Silva;1
Luís Silva;Attila Marosi;1
Attila Marosi;Miguel Cardenas-Montes;2
Miguel Cardenas-Montes;Attila Marosi;2
Attila Marosi;Oleg Lodygensky;3
Oleg Lodygensky;Attila Marosi;3
Attila Marosi;Patricio Domingues;1
Patricio Domingues;Attila Marosi;1
Attila Marosi;Péter Kacsuk;3
Péter Kacsuk;Attila Marosi;3
Attila Marosi;Róbert Lovas;2
Róbert Lovas;Attila Marosi;2
Attila Marosi;Tamas Kiss;2
Tamas Kiss;Attila Marosi;2
Attila Marosi;Zoltán Balaton;3
Zoltán Balaton;Attila Marosi;3
Attila Marosi;Zoltán Farkas;3
Zoltán Farkas;Attila Marosi;3
Bipin C. Desai;Jorge Bernardino;3
Jorge Bernardino;Bipin C. Desai;3
Bruno Cabral;Alcides Fonseca;5
Alcides Fonseca;Bruno Cabral;5
Bruno Cabral;Jonathan Aldrich;1
Jonathan Aldrich;Bruno Cabral;1
Bruno Cabral;Jorge Bernardino;5
Jorge Bernardino;Bruno Cabral;5
Bruno Cabral;João Pedro Maia Rafael;2
João Pedro Maia Rafael;Bruno Cabral;2
Bruno Cabral;Luís Silva;1
Luís Silva;Bruno Cabral;1
Bruno Cabral;Marco Vieira;4
Marco Vieira;Bruno Cabral;4
Bruno Cabral;Paulo Marques;9
Paulo Marques;Bruno Cabral;9
Bruno Cabral;Paulo Sacramento;2
Paulo Sacramento;Bruno Cabral;2
Bruno Miguel Luis;José Carlos Bregieiro Ribeiro;1
José Carlos Bregieiro Ribeiro;Bruno Miguel Luis;1
Bruno Miguel Luis;Mário Alberto Zenha Rela;1
Mário Alberto Zenha Rela;Bruno Miguel Luis;1
Carlo Emmanoel Tolla de Oliveira;Luis Orleans;1
Luis Orleans;Carlo Emmanoel Tolla de Oliveira;1
Carlo Emmanoel Tolla de Oliveira;Pedro Furtado;1
Pedro Furtado;Carlo Emmanoel Tolla de Oliveira;1
Carlos Alberto Maziero;Aline Maria Santos Andrade;1
Aline Maria Santos Andrade;Carlos Alberto Maziero;1
Carlos Alberto Maziero;Flávio Morais de Assis Silva;1
Flávio Morais de Assis Silva;Carlos Alberto Maziero;1
Carlos Alberto Maziero;João Gabriel Silva;1
João Gabriel Silva;Carlos Alberto Maziero;1
Carlos Cunha;Luís Silva;3
Luís Silva;Carlos Cunha;3
Cristina Gacek;António Casimiro Costa;1
António Casimiro Costa;Cristina Gacek;1
Cristina Gacek;Rogério de Lemos;2
Rogério de Lemos;Cristina Gacek;2
D. Weyns;J. Andersson;2
J. Andersson;D. Weyns;2
D. Weyns;Rogério de Lemos;2
Rogério de Lemos;D. Weyns;2
D. Weyns;S. Malek;2
S. Malek;D. Weyns;2
David Alves;Paulo Marques;3
Paulo Marques;David Alves;3
David Alves;Pedro Bizarro;3
Pedro Bizarro;David Alves;3
David DeWitt;Jennifer Widom;1
Jennifer Widom;David DeWitt;1
David DeWitt;Nicolas Bruno;1
Nicolas Bruno;David DeWitt;1
David DeWitt;Pedro Bizarro;3
Pedro Bizarro;David DeWitt;3
David DeWitt;Shivnath Babu;2
Shivnath Babu;David DeWitt;2
David Pereira;Juan A. Gomez-Pulido;1
Juan A. Gomez-Pulido;David Pereira;1
David Pereira;Juan M. Sánchez-Pérez;1
Juan M. Sánchez-Pérez;David Pereira;1
David Pereira;Luís Silva;1
Luís Silva;David Pereira;1
David Pereira;Miguel A. Vega-Rodríguez;1
Miguel A. Vega-Rodríguez;David Pereira;1
David Pereira;Patricio Domingues;1
Patricio Domingues;David Pereira;1
David Pereira;Renato Vale;1
Renato Vale;David Pereira;1
David Pereira;Sílvio Mendes;1
Sílvio Mendes;David Pereira;1
David Santiago;Attila Marosi;1
Attila Marosi;David Santiago;1
David Santiago;Diogo Ferreira;1
Diogo Ferreira;David Santiago;1
David Santiago;Etienne Urbah;1
Etienne Urbah;David Santiago;1
David Santiago;Filipe Araujo;1
Filipe Araujo;David Santiago;1
David Santiago;Gábor Gombás;1
Gábor Gombás;David Santiago;1
David Santiago;Jorge Farinha;1
Jorge Farinha;David Santiago;1
David Santiago;Luís Silva;1
Luís Silva;David Santiago;1
David Santiago;Oleg Lodygensky;1
Oleg Lodygensky;David Santiago;1
David Santiago;Patricio Domingues;1
Patricio Domingues;David Santiago;1
David Santiago;Péter Kacsuk;1
Péter Kacsuk;David Santiago;1
David Santiago;Zoltán Balaton;1
Zoltán Balaton;David Santiago;1
David Santiago;Zoltán Farkas;1
Zoltán Farkas;David Santiago;1
Decio Sousa;Luís Silva;3
Luís Silva;Decio Sousa;3
Decio Sousa;Nuno M. Rodrigues;1
Nuno M. Rodrigues;Decio Sousa;1
Decio Sousa;Nuno Moreno;1
Nuno Moreno;Decio Sousa;1
Decio Sousa;Sébastien Tixeuil;1
Sébastien Tixeuil;Decio Sousa;1
Decio Sousa;William  Hoarau;1
William  Hoarau;Decio Sousa;1
Derrik Kondo;Filipe Araujo;5
Filipe Araujo;Derrik Kondo;5
Derrik Kondo;Franck Capello;1
Franck Capello;Derrik Kondo;1
Derrik Kondo;Gheorghe Cosmin Silaghi;1
Gheorghe Cosmin Silaghi;Derrik Kondo;1
Derrik Kondo;Gilles Fedak;1
Gilles Fedak;Derrik Kondo;1
Derrik Kondo;Jorge Farinha;1
Jorge Farinha;Derrik Kondo;1
Derrik Kondo;Luís Silva;4
Luís Silva;Derrik Kondo;4
Derrik Kondo;Patricio Domingues;5
Patricio Domingues;Derrik Kondo;5
Derrik Kondo;Paul Malecot;1
Paul Malecot;Derrik Kondo;1
Diamantino Costa;Henrique Madeira;2
Henrique Madeira;Diamantino Costa;2
Diamantino Costa;Luis Henriques;1
Luis Henriques;Diamantino Costa;1
Diamantino Costa;Ricardo Barbosa;2
Ricardo Barbosa;Diamantino Costa;2
Diamantino Costa;Ricardo Maia;1
Ricardo Maia;Diamantino Costa;1
Diogo Ferreira;Attila Marosi;1
Attila Marosi;Diogo Ferreira;1
Diogo Ferreira;David Santiago;1
David Santiago;Diogo Ferreira;1
Diogo Ferreira;Etienne Urbah;1
Etienne Urbah;Diogo Ferreira;1
Diogo Ferreira;Filipe Araujo;4
Filipe Araujo;Diogo Ferreira;4
Diogo Ferreira;Gábor Gombás;1
Gábor Gombás;Diogo Ferreira;1
Diogo Ferreira;Jorge Farinha;1
Jorge Farinha;Diogo Ferreira;1
Diogo Ferreira;Luís Silva;1
Luís Silva;Diogo Ferreira;1
Diogo Ferreira;Naghmeh Ramezani Ivaki;1
Naghmeh Ramezani Ivaki;Diogo Ferreira;1
Diogo Ferreira;Oleg Lodygensky;1
Oleg Lodygensky;Diogo Ferreira;1
Diogo Ferreira;Patricio Domingues;3
Patricio Domingues;Diogo Ferreira;3
Diogo Ferreira;Péter Kacsuk;1
Péter Kacsuk;Diogo Ferreira;1
Diogo Ferreira;Zoltán Balaton;1
Zoltán Balaton;Diogo Ferreira;1
Diogo Ferreira;Zoltán Farkas;1
Zoltán Farkas;Diogo Ferreira;1
Diogo Guerra;Pedro Bizarro;1
Pedro Bizarro;Diogo Guerra;1
Diogo Guerra;Ute Gawlick;1
Ute Gawlick;Diogo Guerra;1
Douglas Rodrigues;Francisco Mónaco;1
Francisco Mónaco;Douglas Rodrigues;1
Douglas Rodrigues;Júlio Estrella;3
Júlio Estrella;Douglas Rodrigues;3
Douglas Rodrigues;Kalinka Branco;3
Kalinka Branco;Douglas Rodrigues;3
Douglas Rodrigues;Marco Vieira;3
Marco Vieira;Douglas Rodrigues;3
Douglas Rodrigues;Nuno Antunes;1
Nuno Antunes;Douglas Rodrigues;1
Eduardo Gomez;José Feiteirinha;1
José Feiteirinha;Eduardo Gomez;1
Eduardo Gomez;Juan F Prieto;1
Juan F Prieto;Eduardo Gomez;1
Eduardo Gomez;Mauro Pecchioli;1
Mauro Pecchioli;Eduardo Gomez;1
Eduardo Gomez;Pedro Bizarro;1
Pedro Bizarro;Eduardo Gomez;1
Eliane Martins;Henrique Madeira;6
Henrique Madeira;Eliane Martins;6
Eliane Martins;Joao Duraes;3
Joao Duraes;Eliane Martins;3
Eliane Martins;Marco Vieira;2
Marco Vieira;Eliane Martins;2
Eliane Martins;Naaliel Mendes;3
Naaliel Mendes;Eliane Martins;3
Eliane Martins;Regina Moraes;7
Regina Moraes;Eliane Martins;7
Eliane Martins;Ricardo Barbosa;2
Ricardo Barbosa;Eliane Martins;2
Eliane Martins;Rogério de Lemos;2
Rogério de Lemos;Eliane Martins;2
Emilia Villani;Ana Maria Ambrósio;4
Ana Maria Ambrósio;Emilia Villani;4
Emilia Villani;Henrique Madeira;4
Henrique Madeira;Emilia Villani;4
Emilia Villani;Johan Karlsson;2
Johan Karlsson;Emilia Villani;2
Emilia Villani;Marco Vieira;4
Marco Vieira;Emilia Villani;4
Emilia Villani;Nuno Silva;1
Nuno Silva;Emilia Villani;1
Emilia Villani;Paulo C. Veras;4
Paulo C. Veras;Emilia Villani;4
Emilia Villani;Raul Barbosa;2
Raul Barbosa;Emilia Villani;2
Emilia Villani;Rodrigo P. Pontes;1
Rodrigo P. Pontes;Emilia Villani;1
Etienne Urbah;Attila Marosi;1
Attila Marosi;Etienne Urbah;1
Etienne Urbah;David Santiago;1
David Santiago;Etienne Urbah;1
Etienne Urbah;Diogo Ferreira;1
Diogo Ferreira;Etienne Urbah;1
Etienne Urbah;Filipe Araujo;2
Filipe Araujo;Etienne Urbah;2
Etienne Urbah;Gabriel Caillat;1
Gabriel Caillat;Etienne Urbah;1
Etienne Urbah;Gilles Fedak;1
Gilles Fedak;Etienne Urbah;1
Etienne Urbah;Gábor Gombás;1
Gábor Gombás;Etienne Urbah;1
Etienne Urbah;Haiwu He;1
Haiwu He;Etienne Urbah;1
Etienne Urbah;Jorge Farinha;1
Jorge Farinha;Etienne Urbah;1
Etienne Urbah;Luís Silva;1
Luís Silva;Etienne Urbah;1
Etienne Urbah;Oleg Lodygensky;2
Oleg Lodygensky;Etienne Urbah;2
Etienne Urbah;Patricio Domingues;1
Patricio Domingues;Etienne Urbah;1
Etienne Urbah;Péter Kacsuk;2
Péter Kacsuk;Etienne Urbah;2
Etienne Urbah;Zoltán Balaton;2
Zoltán Balaton;Etienne Urbah;2
Etienne Urbah;Zoltán Farkas;2
Zoltán Farkas;Etienne Urbah;2
Eudisley Gomes dos Anjos;Mário Alberto Zenha Rela;4
Mário Alberto Zenha Rela;Eudisley Gomes dos Anjos;4
F. Moreira;Henrique Madeira;1
Henrique Madeira;F. Moreira;1
F. Moreira;Juan Carlos García;1
Juan Carlos García;F. Moreira;1
F. Moreira;Karama Kanoun;1
Karama Kanoun;F. Moreira;1
F. Moreira;Mario Dal Cin;1
Mario Dal Cin;F. Moreira;1
Fernando Aldea-Montero;Han van Loon;1
Han van Loon;Fernando Aldea-Montero;1
Fernando Aldea-Montero;João Gabriel Silva;1
João Gabriel Silva;Fernando Aldea-Montero;1
Fernando Aldea-Montero;Manuel Rodríguez;1
Manuel Rodríguez;Fernando Aldea-Montero;1
Fernando Aldea-Montero;Patricia Rodríguez-Dapena;1
Patricia Rodríguez-Dapena;Fernando Aldea-Montero;1
Fernando Barros;Filipe Araujo;3
Filipe Araujo;Fernando Barros;3
Fernando Barros;Naghmeh Ramezani Ivaki;3
Naghmeh Ramezani Ivaki;Fernando Barros;3
Fernando Costa;Gilles Fedak;2
Gilles Fedak;Fernando Costa;2
Fernando Costa;Ian Kelley;4
Ian Kelley;Fernando Costa;4
Fernando Costa;Ian Taylor;1
Ian Taylor;Fernando Costa;1
Fernando Costa;Luís Silva;5
Luís Silva;Fernando Costa;5
Filipe Araujo;Ad Emmen;2
Ad Emmen;Filipe Araujo;2
Filipe Araujo;Alvaro E. Arenas;2
Alvaro E. Arenas;Filipe Araujo;2
Filipe Araujo;António Casimiro Costa;3
António Casimiro Costa;Filipe Araujo;3
Filipe Araujo;Attila Marosi;3
Attila Marosi;Filipe Araujo;3
Filipe Araujo;David Santiago;1
David Santiago;Filipe Araujo;1
Filipe Araujo;Derrik Kondo;5
Derrik Kondo;Filipe Araujo;5
Filipe Araujo;Diogo Ferreira;4
Diogo Ferreira;Filipe Araujo;4
Filipe Araujo;Etienne Urbah;2
Etienne Urbah;Filipe Araujo;2
Filipe Araujo;Fernando Barros;3
Fernando Barros;Filipe Araujo;3
Filipe Araujo;Franck Capello;1
Franck Capello;Filipe Araujo;1
Filipe Araujo;Gabriel Caillat;1
Gabriel Caillat;Filipe Araujo;1
Filipe Araujo;Gheorghe Cosmin Silaghi;3
Gheorghe Cosmin Silaghi;Filipe Araujo;3
Filipe Araujo;Gilles Fedak;4
Gilles Fedak;Filipe Araujo;4
Filipe Araujo;Gábor Gombás;3
Gábor Gombás;Filipe Araujo;3
Filipe Araujo;Gábor Terstyánszky;2
Gábor Terstyánszky;Filipe Araujo;2
Filipe Araujo;Haiwu He;1
Haiwu He;Filipe Araujo;1
Filipe Araujo;Henrique Madeira;1
Henrique Madeira;Filipe Araujo;1
Filipe Araujo;Hugo Miranda;1
Hugo Miranda;Filipe Araujo;1
Filipe Araujo;Ian Kelly;2
Ian Kelly;Filipe Araujo;2
Filipe Araujo;Ian Taylor;2
Ian Taylor;Filipe Araujo;2
Filipe Araujo;Jorge Farinha;2
Jorge Farinha;Filipe Araujo;2
Filipe Araujo;Luis Pinto;1
Luis Pinto;Filipe Araujo;1
Filipe Araujo;Luís Rodrigues;2
Luís Rodrigues;Filipe Araujo;2
Filipe Araujo;Luís Silva;9
Luís Silva;Filipe Araujo;9
Filipe Araujo;Miguel Cardenas-Montes;2
Miguel Cardenas-Montes;Filipe Araujo;2
Filipe Araujo;Naghmeh Ramezani Ivaki;9
Naghmeh Ramezani Ivaki;Filipe Araujo;9
Filipe Araujo;Nuno Laranjeiro;2
Nuno Laranjeiro;Filipe Araujo;2
Filipe Araujo;Oleg Lodygensky;4
Oleg Lodygensky;Filipe Araujo;4
Filipe Araujo;Patricio Domingues;13
Patricio Domingues;Filipe Araujo;13
Filipe Araujo;Paul Malecot;1
Paul Malecot;Filipe Araujo;1
Filipe Araujo;Pedro Furtado;1
Pedro Furtado;Filipe Araujo;1
Filipe Araujo;Péter Kacsuk;4
Péter Kacsuk;Filipe Araujo;4
Filipe Araujo;Raul Barbosa;7
Raul Barbosa;Filipe Araujo;7
Filipe Araujo;Róbert Lovas;2
Róbert Lovas;Filipe Araujo;2
Filipe Araujo;Samuel Neves;7
Samuel Neves;Filipe Araujo;7
Filipe Araujo;Serhiy Boychenko;6
Serhiy Boychenko;Filipe Araujo;6
Filipe Araujo;Tamas Kiss;2
Tamas Kiss;Filipe Araujo;2
Filipe Araujo;Tiago Santos;1
Tiago Santos;Filipe Araujo;1
Filipe Araujo;Zoltán Balaton;4
Zoltán Balaton;Filipe Araujo;4
Filipe Araujo;Zoltán Farkas;4
Zoltán Farkas;Filipe Araujo;4
Flávio Morais de Assis Silva;Aline Maria Santos Andrade;1
Aline Maria Santos Andrade;Flávio Morais de Assis Silva;1
Flávio Morais de Assis Silva;Carlos Alberto Maziero;1
Carlos Alberto Maziero;Flávio Morais de Assis Silva;1
Flávio Morais de Assis Silva;João Gabriel Silva;1
João Gabriel Silva;Flávio Morais de Assis Silva;1
Francisco Fernández de Vega;Ana Filipa Nogueira;3
Ana Filipa Nogueira;Francisco Fernández de Vega;3
Francisco Fernández de Vega;José Carlos Bregieiro Ribeiro;12
José Carlos Bregieiro Ribeiro;Francisco Fernández de Vega;12
Francisco Fernández de Vega;Mário Alberto Zenha Rela;12
Mário Alberto Zenha Rela;Francisco Fernández de Vega;12
Francisco Mónaco;Douglas Rodrigues;1
Douglas Rodrigues;Francisco Mónaco;1
Francisco Mónaco;Júlio Estrella;1
Júlio Estrella;Francisco Mónaco;1
Francisco Mónaco;Kalinka Branco;1
Kalinka Branco;Francisco Mónaco;1
Francisco Mónaco;Marco Vieira;1
Marco Vieira;Francisco Mónaco;1
Francisco Mónaco;Nuno Antunes;1
Nuno Antunes;Francisco Mónaco;1
Franck Capello;Derrik Kondo;1
Derrik Kondo;Franck Capello;1
Franck Capello;Filipe Araujo;1
Filipe Araujo;Franck Capello;1
Franck Capello;Gilles Fedak;1
Gilles Fedak;Franck Capello;1
Franck Capello;Luís Silva;1
Luís Silva;Franck Capello;1
Franck Capello;Patricio Domingues;1
Patricio Domingues;Franck Capello;1
Franck Capello;Paul Malecot;1
Paul Malecot;Franck Capello;1
G. Pintér;A. Pataricza;2
A. Pataricza;G. Pintér;2
G. Pintér;Henrique Madeira;2
Henrique Madeira;G. Pintér;2
G. Pintér;I. Majzik;2
I. Majzik;G. Pintér;2
G. Pintér;Marco Vieira;2
Marco Vieira;G. Pintér;2
Gabriel Caillat;Etienne Urbah;1
Etienne Urbah;Gabriel Caillat;1
Gabriel Caillat;Filipe Araujo;1
Filipe Araujo;Gabriel Caillat;1
Gabriel Caillat;Gilles Fedak;1
Gilles Fedak;Gabriel Caillat;1
Gabriel Caillat;Haiwu He;1
Haiwu He;Gabriel Caillat;1
Gabriel Caillat;Oleg Lodygensky;1
Oleg Lodygensky;Gabriel Caillat;1
Gabriel Caillat;Péter Kacsuk;1
Péter Kacsuk;Gabriel Caillat;1
Gabriel Caillat;Zoltán Balaton;1
Zoltán Balaton;Gabriel Caillat;1
Gabriel Caillat;Zoltán Farkas;1
Zoltán Farkas;Gabriel Caillat;1
Gabriella Carrozza;Aniello Napolitano;3
Aniello Napolitano;Gabriella Carrozza;3
Gabriella Carrozza;Joao Duraes;1
Joao Duraes;Gabriella Carrozza;1
Gabriella Carrozza;Marco Vieira;2
Marco Vieira;Gabriella Carrozza;2
Gabriella Carrozza;Nuno Antunes;1
Nuno Antunes;Gabriella Carrozza;1
Gabriella Carrozza;Nuno Laranjeiro;2
Nuno Laranjeiro;Gabriella Carrozza;2
Gheorghe Cosmin Silaghi;Alvaro E. Arenas;4
Alvaro E. Arenas;Gheorghe Cosmin Silaghi;4
Gheorghe Cosmin Silaghi;Derrik Kondo;1
Derrik Kondo;Gheorghe Cosmin Silaghi;1
Gheorghe Cosmin Silaghi;Filipe Araujo;3
Filipe Araujo;Gheorghe Cosmin Silaghi;3
Gheorghe Cosmin Silaghi;Jorge Farinha;1
Jorge Farinha;Gheorghe Cosmin Silaghi;1
Gheorghe Cosmin Silaghi;Luís Silva;4
Luís Silva;Gheorghe Cosmin Silaghi;4
Gheorghe Cosmin Silaghi;Patricio Domingues;4
Patricio Domingues;Gheorghe Cosmin Silaghi;4
Gil Taran;Mário Alberto Zenha Rela;1
Mário Alberto Zenha Rela;Gil Taran;1
Gil Taran;Paulo Marques;1
Paulo Marques;Gil Taran;1
Gil Taran;Pedro Bizarro;1
Pedro Bizarro;Gil Taran;1
Gilles Fedak;Ad Emmen;2
Ad Emmen;Gilles Fedak;2
Gilles Fedak;Attila Marosi;2
Attila Marosi;Gilles Fedak;2
Gilles Fedak;Derrik Kondo;1
Derrik Kondo;Gilles Fedak;1
Gilles Fedak;Etienne Urbah;1
Etienne Urbah;Gilles Fedak;1
Gilles Fedak;Fernando Costa;2
Fernando Costa;Gilles Fedak;2
Gilles Fedak;Filipe Araujo;4
Filipe Araujo;Gilles Fedak;4
Gilles Fedak;Franck Capello;1
Franck Capello;Gilles Fedak;1
Gilles Fedak;Gabriel Caillat;1
Gabriel Caillat;Gilles Fedak;1
Gilles Fedak;Gábor Gombás;2
Gábor Gombás;Gilles Fedak;2
Gilles Fedak;Gábor Terstyánszky;2
Gábor Terstyánszky;Gilles Fedak;2
Gilles Fedak;Haiwu He;1
Haiwu He;Gilles Fedak;1
Gilles Fedak;Ian Kelley;2
Ian Kelley;Gilles Fedak;2
Gilles Fedak;Ian Kelly;2
Ian Kelly;Gilles Fedak;2
Gilles Fedak;Ian Taylor;2
Ian Taylor;Gilles Fedak;2
Gilles Fedak;Luís Silva;3
Luís Silva;Gilles Fedak;3
Gilles Fedak;Miguel Cardenas-Montes;2
Miguel Cardenas-Montes;Gilles Fedak;2
Gilles Fedak;Oleg Lodygensky;3
Oleg Lodygensky;Gilles Fedak;3
Gilles Fedak;Patricio Domingues;1
Patricio Domingues;Gilles Fedak;1
Gilles Fedak;Paul Malecot;1
Paul Malecot;Gilles Fedak;1
Gilles Fedak;Péter Kacsuk;3
Péter Kacsuk;Gilles Fedak;3
Gilles Fedak;Róbert Lovas;2
Róbert Lovas;Gilles Fedak;2
Gilles Fedak;Tamas Kiss;2
Tamas Kiss;Gilles Fedak;2
Gilles Fedak;Zoltán Balaton;3
Zoltán Balaton;Gilles Fedak;3
Gilles Fedak;Zoltán Farkas;3
Zoltán Farkas;Gilles Fedak;3
Gábor Gombás;Ad Emmen;2
Ad Emmen;Gábor Gombás;2
Gábor Gombás;Attila Marosi;3
Attila Marosi;Gábor Gombás;3
Gábor Gombás;David Santiago;1
David Santiago;Gábor Gombás;1
Gábor Gombás;Diogo Ferreira;1
Diogo Ferreira;Gábor Gombás;1
Gábor Gombás;Etienne Urbah;1
Etienne Urbah;Gábor Gombás;1
Gábor Gombás;Filipe Araujo;3
Filipe Araujo;Gábor Gombás;3
Gábor Gombás;Gilles Fedak;2
Gilles Fedak;Gábor Gombás;2
Gábor Gombás;Gábor Terstyánszky;2
Gábor Terstyánszky;Gábor Gombás;2
Gábor Gombás;Ian Kelly;2
Ian Kelly;Gábor Gombás;2
Gábor Gombás;Ian Taylor;2
Ian Taylor;Gábor Gombás;2
Gábor Gombás;Jorge Farinha;1
Jorge Farinha;Gábor Gombás;1
Gábor Gombás;Luís Silva;1
Luís Silva;Gábor Gombás;1
Gábor Gombás;Miguel Cardenas-Montes;2
Miguel Cardenas-Montes;Gábor Gombás;2
Gábor Gombás;Oleg Lodygensky;3
Oleg Lodygensky;Gábor Gombás;3
Gábor Gombás;Patricio Domingues;1
Patricio Domingues;Gábor Gombás;1
Gábor Gombás;Péter Kacsuk;3
Péter Kacsuk;Gábor Gombás;3
Gábor Gombás;Róbert Lovas;2
Róbert Lovas;Gábor Gombás;2
Gábor Gombás;Tamas Kiss;2
Tamas Kiss;Gábor Gombás;2
Gábor Gombás;Zoltán Balaton;3
Zoltán Balaton;Gábor Gombás;3
Gábor Gombás;Zoltán Farkas;3
Zoltán Farkas;Gábor Gombás;3
Gábor Terstyánszky;Ad Emmen;2
Ad Emmen;Gábor Terstyánszky;2
Gábor Terstyánszky;Attila Marosi;2
Attila Marosi;Gábor Terstyánszky;2
Gábor Terstyánszky;Filipe Araujo;2
Filipe Araujo;Gábor Terstyánszky;2
Gábor Terstyánszky;Gilles Fedak;2
Gilles Fedak;Gábor Terstyánszky;2
Gábor Terstyánszky;Gábor Gombás;2
Gábor Gombás;Gábor Terstyánszky;2
Gábor Terstyánszky;Ian Kelly;2
Ian Kelly;Gábor Terstyánszky;2
Gábor Terstyánszky;Ian Taylor;2
Ian Taylor;Gábor Terstyánszky;2
Gábor Terstyánszky;Miguel Cardenas-Montes;2
Miguel Cardenas-Montes;Gábor Terstyánszky;2
Gábor Terstyánszky;Oleg Lodygensky;2
Oleg Lodygensky;Gábor Terstyánszky;2
Gábor Terstyánszky;Péter Kacsuk;2
Péter Kacsuk;Gábor Terstyánszky;2
Gábor Terstyánszky;Róbert Lovas;2
Róbert Lovas;Gábor Terstyánszky;2
Gábor Terstyánszky;Tamas Kiss;2
Tamas Kiss;Gábor Terstyánszky;2
Gábor Terstyánszky;Zoltán Balaton;2
Zoltán Balaton;Gábor Terstyánszky;2
Gábor Terstyánszky;Zoltán Farkas;2
Zoltán Farkas;Gábor Terstyánszky;2
Haiwu He;Etienne Urbah;1
Etienne Urbah;Haiwu He;1
Haiwu He;Filipe Araujo;1
Filipe Araujo;Haiwu He;1
Haiwu He;Gabriel Caillat;1
Gabriel Caillat;Haiwu He;1
Haiwu He;Gilles Fedak;1
Gilles Fedak;Haiwu He;1
Haiwu He;Oleg Lodygensky;1
Oleg Lodygensky;Haiwu He;1
Haiwu He;Péter Kacsuk;1
Péter Kacsuk;Haiwu He;1
Haiwu He;Zoltán Balaton;1
Zoltán Balaton;Haiwu He;1
Haiwu He;Zoltán Farkas;1
Zoltán Farkas;Haiwu He;1
Han van Loon;Fernando Aldea-Montero;1
Fernando Aldea-Montero;Han van Loon;1
Han van Loon;João Gabriel Silva;1
João Gabriel Silva;Han van Loon;1
Han van Loon;Manuel Rodríguez;1
Manuel Rodríguez;Han van Loon;1
Han van Loon;Patricia Rodríguez-Dapena;1
Patricia Rodríguez-Dapena;Han van Loon;1
Henrique Madeira;A. Pataricza;2
A. Pataricza;Henrique Madeira;2
Henrique Madeira;Afonso Comba de Araújo Neto;2
Afonso Comba de Araújo Neto;Henrique Madeira;2
Henrique Madeira;Ana Maria Ambrósio;4
Ana Maria Ambrósio;Henrique Madeira;4
Henrique Madeira;António Casimiro Costa;4
António Casimiro Costa;Henrique Madeira;4
Henrique Madeira;Diamantino Costa;2
Diamantino Costa;Henrique Madeira;2
Henrique Madeira;Eliane Martins;6
Eliane Martins;Henrique Madeira;6
Henrique Madeira;Emilia Villani;4
Emilia Villani;Henrique Madeira;4
Henrique Madeira;F. Moreira;1
F. Moreira;Henrique Madeira;1
Henrique Madeira;Filipe Araujo;1
Filipe Araujo;Henrique Madeira;1
Henrique Madeira;G. Pintér;2
G. Pintér;Henrique Madeira;2
Henrique Madeira;I. Majzik;3
I. Majzik;Henrique Madeira;3
Henrique Madeira;Ivano Irrera;3
Ivano Irrera;Henrique Madeira;3
Henrique Madeira;Joao Duraes;19
Joao Duraes;Henrique Madeira;19
Henrique Madeira;Joaquim Macedo;7
Joaquim Macedo;Henrique Madeira;7
Henrique Madeira;Johan Karlsson;1
Johan Karlsson;Henrique Madeira;1
Henrique Madeira;Jorge Bernardino;3
Jorge Bernardino;Henrique Madeira;3
Henrique Madeira;Jorge Vieira;6
Jorge Vieira;Henrique Madeira;6
Henrique Madeira;José Carlos Coelho Martins da Fonseca;13
José Carlos Coelho Martins da Fonseca;Henrique Madeira;13
Henrique Madeira;João Carlos Cunha;1
João Carlos Cunha;Henrique Madeira;1
Henrique Madeira;João Gabriel Silva;4
João Gabriel Silva;Henrique Madeira;4
Henrique Madeira;João Pedro Costa;1
João Pedro Costa;Henrique Madeira;1
Henrique Madeira;Juan Carlos García;1
Juan Carlos García;Henrique Madeira;1
Henrique Madeira;Karama Kanoun;1
Karama Kanoun;Henrique Madeira;1
Henrique Madeira;Luis Henriques;1
Luis Henriques;Henrique Madeira;1
Henrique Madeira;Luís Silva;1
Luís Silva;Henrique Madeira;1
Henrique Madeira;Marco Aurélio Costa;2
Marco Aurélio Costa;Henrique Madeira;2
Henrique Madeira;Marco Vieira;63
Marco Vieira;Henrique Madeira;63
Henrique Madeira;Mario Dal Cin;1
Mario Dal Cin;Henrique Madeira;1
Henrique Madeira;Mário Alberto Zenha Rela;1
Mário Alberto Zenha Rela;Henrique Madeira;1
Henrique Madeira;Naaliel Mendes;9
Naaliel Mendes;Henrique Madeira;9
Henrique Madeira;Nuno Antunes;3
Nuno Antunes;Henrique Madeira;3
Henrique Madeira;Nuno Laranjeiro;13
Nuno Laranjeiro;Henrique Madeira;13
Henrique Madeira;Nuno Silva;2
Nuno Silva;Henrique Madeira;2
Henrique Madeira;Olga Marina Freitas Craveiro;7
Olga Marina Freitas Craveiro;Henrique Madeira;7
Henrique Madeira;Paula Prata;1
Paula Prata;Henrique Madeira;1
Henrique Madeira;Paulo C. Veras;4
Paulo C. Veras;Henrique Madeira;4
Henrique Madeira;Raquel Rute Duarte Almeida;5
Raquel Rute Duarte Almeida;Henrique Madeira;5
Henrique Madeira;Raul Barbosa;2
Raul Barbosa;Henrique Madeira;2
Henrique Madeira;Regina Moraes;6
Regina Moraes;Henrique Madeira;6
Henrique Madeira;Ricardo Barbosa;5
Ricardo Barbosa;Henrique Madeira;5
Henrique Madeira;Ricardo Maia;1
Ricardo Maia;Henrique Madeira;1
Henrique Madeira;Rodrigo P. Pontes;1
Rodrigo P. Pontes;Henrique Madeira;1
Hernani Pedroso;Paulo Marques;1
Paulo Marques;Hernani Pedroso;1
Hugo Miranda;Filipe Araujo;1
Filipe Araujo;Hugo Miranda;1
I. Majzik;A. Pataricza;2
A. Pataricza;I. Majzik;2
I. Majzik;G. Pintér;2
G. Pintér;I. Majzik;2
I. Majzik;Henrique Madeira;3
Henrique Madeira;I. Majzik;3
I. Majzik;Marco Vieira;4
Marco Vieira;I. Majzik;4
I. Majzik;Nuno Antunes;1
Nuno Antunes;I. Majzik;1
Ian Kelley;Fernando Costa;4
Fernando Costa;Ian Kelley;4
Ian Kelley;Gilles Fedak;2
Gilles Fedak;Ian Kelley;2
Ian Kelley;Ian Taylor;1
Ian Taylor;Ian Kelley;1
Ian Kelley;Luís Silva;4
Luís Silva;Ian Kelley;4
Ian Kelly;Ad Emmen;2
Ad Emmen;Ian Kelly;2
Ian Kelly;Attila Marosi;2
Attila Marosi;Ian Kelly;2
Ian Kelly;Filipe Araujo;2
Filipe Araujo;Ian Kelly;2
Ian Kelly;Gilles Fedak;2
Gilles Fedak;Ian Kelly;2
Ian Kelly;Gábor Gombás;2
Gábor Gombás;Ian Kelly;2
Ian Kelly;Gábor Terstyánszky;2
Gábor Terstyánszky;Ian Kelly;2
Ian Kelly;Ian Taylor;2
Ian Taylor;Ian Kelly;2
Ian Kelly;Miguel Cardenas-Montes;2
Miguel Cardenas-Montes;Ian Kelly;2
Ian Kelly;Oleg Lodygensky;2
Oleg Lodygensky;Ian Kelly;2
Ian Kelly;Péter Kacsuk;2
Péter Kacsuk;Ian Kelly;2
Ian Kelly;Róbert Lovas;2
Róbert Lovas;Ian Kelly;2
Ian Kelly;Tamas Kiss;2
Tamas Kiss;Ian Kelly;2
Ian Kelly;Zoltán Balaton;2
Zoltán Balaton;Ian Kelly;2
Ian Kelly;Zoltán Farkas;2
Zoltán Farkas;Ian Kelly;2
Ian Taylor;Ad Emmen;2
Ad Emmen;Ian Taylor;2
Ian Taylor;Attila Marosi;2
Attila Marosi;Ian Taylor;2
Ian Taylor;Fernando Costa;1
Fernando Costa;Ian Taylor;1
Ian Taylor;Filipe Araujo;2
Filipe Araujo;Ian Taylor;2
Ian Taylor;Gilles Fedak;2
Gilles Fedak;Ian Taylor;2
Ian Taylor;Gábor Gombás;2
Gábor Gombás;Ian Taylor;2
Ian Taylor;Gábor Terstyánszky;2
Gábor Terstyánszky;Ian Taylor;2
Ian Taylor;Ian Kelley;1
Ian Kelley;Ian Taylor;1
Ian Taylor;Ian Kelly;2
Ian Kelly;Ian Taylor;2
Ian Taylor;Luís Silva;1
Luís Silva;Ian Taylor;1
Ian Taylor;Miguel Cardenas-Montes;2
Miguel Cardenas-Montes;Ian Taylor;2
Ian Taylor;Oleg Lodygensky;2
Oleg Lodygensky;Ian Taylor;2
Ian Taylor;Péter Kacsuk;2
Péter Kacsuk;Ian Taylor;2
Ian Taylor;Róbert Lovas;2
Róbert Lovas;Ian Taylor;2
Ian Taylor;Tamas Kiss;2
Tamas Kiss;Ian Taylor;2
Ian Taylor;Zoltán Balaton;2
Zoltán Balaton;Ian Taylor;2
Ian Taylor;Zoltán Farkas;2
Zoltán Farkas;Ian Taylor;2
Indira Patil;Marco Vieira;1
Marco Vieira;Indira Patil;1
Indira Patil;Meikel Poess;1
Meikel Poess;Indira Patil;1
Indira Patil;Raghunath Nambiar;1
Raghunath Nambiar;Indira Patil;1
Indira Patil;Raquel Rute Duarte Almeida;1
Raquel Rute Duarte Almeida;Indira Patil;1
Ivano Alessandro Elia;José Carlos Coelho Martins da Fonseca;1
José Carlos Coelho Martins da Fonseca;Ivano Alessandro Elia;1
Ivano Alessandro Elia;Marco Vieira;6
Marco Vieira;Ivano Alessandro Elia;6
Ivano Alessandro Elia;Nuno Laranjeiro;5
Nuno Laranjeiro;Ivano Alessandro Elia;5
Ivano Irrera;Henrique Madeira;3
Henrique Madeira;Ivano Irrera;3
Ivano Irrera;Joao Duraes;4
Joao Duraes;Ivano Irrera;4
Ivano Irrera;Marco Vieira;8
Marco Vieira;Ivano Irrera;8
J. Andersson;D. Weyns;2
D. Weyns;J. Andersson;2
J. Andersson;Rogério de Lemos;3
Rogério de Lemos;J. Andersson;3
J. Andersson;S. Malek;2
S. Malek;J. Andersson;2
Javier Alonso;Artur Andrzejak;1
Artur Andrzejak;Javier Alonso;1
Javier Alonso;Jordi Torres;1
Jordi Torres;Javier Alonso;1
Javier Alonso;Luís Silva;1
Luís Silva;Javier Alonso;1
Javier Cámara Moreno;Marco Vieira;6
Marco Vieira;Javier Cámara Moreno;6
Javier Cámara Moreno;Nuno Laranjeiro;4
Nuno Laranjeiro;Javier Cámara Moreno;4
Javier Cámara Moreno;Pedro Gonçalo Roque Correia;2
Pedro Gonçalo Roque Correia;Javier Cámara Moreno;2
Javier Cámara Moreno;Rafael Simões Ventura;6
Rafael Simões Ventura;Javier Cámara Moreno;6
Javier Cámara Moreno;Raquel Rute Duarte Almeida;1
Raquel Rute Duarte Almeida;Javier Cámara Moreno;1
Javier Cámara Moreno;Rogério de Lemos;10
Rogério de Lemos;Javier Cámara Moreno;10
Jennifer Widom;David DeWitt;1
David DeWitt;Jennifer Widom;1
Jennifer Widom;Pedro Bizarro;1
Pedro Bizarro;Jennifer Widom;1
Jennifer Widom;Shivnath Babu;1
Shivnath Babu;Jennifer Widom;1
Joao Duraes;Afonso Comba de Araújo Neto;1
Afonso Comba de Araújo Neto;Joao Duraes;1
Joao Duraes;Aniello Napolitano;1
Aniello Napolitano;Joao Duraes;1
Joao Duraes;Eliane Martins;3
Eliane Martins;Joao Duraes;3
Joao Duraes;Gabriella Carrozza;1
Gabriella Carrozza;Joao Duraes;1
Joao Duraes;Henrique Madeira;19
Henrique Madeira;Joao Duraes;19
Joao Duraes;Ivano Irrera;4
Ivano Irrera;Joao Duraes;4
Joao Duraes;José Carlos Coelho Martins da Fonseca;1
José Carlos Coelho Martins da Fonseca;Joao Duraes;1
Joao Duraes;João Carlos Cunha;1
João Carlos Cunha;Joao Duraes;1
Joao Duraes;Marco Vieira;14
Marco Vieira;Joao Duraes;14
Joao Duraes;Mário Alberto Zenha Rela;1
Mário Alberto Zenha Rela;Joao Duraes;1
Joao Duraes;Naaliel Mendes;7
Naaliel Mendes;Joao Duraes;7
Joao Duraes;Nuno Antunes;1
Nuno Antunes;Joao Duraes;1
Joao Duraes;Nuno Silva;1
Nuno Silva;Joao Duraes;1
Joao Duraes;Regina Moraes;3
Regina Moraes;Joao Duraes;3
Joao Duraes;Ricardo Barbosa;3
Ricardo Barbosa;Joao Duraes;3
Joao Paulo Magalhaes;Luís Silva;9
Luís Silva;Joao Paulo Magalhaes;9
Joaquim Macedo;Henrique Madeira;7
Henrique Madeira;Joaquim Macedo;7
Joaquim Macedo;Olga Marina Freitas Craveiro;7
Olga Marina Freitas Craveiro;Joaquim Macedo;7
Johan Karlsson;Emilia Villani;2
Emilia Villani;Johan Karlsson;2
Johan Karlsson;Henrique Madeira;1
Henrique Madeira;Johan Karlsson;1
Johan Karlsson;João Gabriel Silva;1
João Gabriel Silva;Johan Karlsson;1
Johan Karlsson;Marco Vieira;1
Marco Vieira;Johan Karlsson;1
Johan Karlsson;Raul Barbosa;4
Raul Barbosa;Johan Karlsson;4
Jonathan Aldrich;Alcides Fonseca;2
Alcides Fonseca;Jonathan Aldrich;2
Jonathan Aldrich;Bruno Cabral;1
Bruno Cabral;Jonathan Aldrich;1
Jonathan Aldrich;Paulo Marques;3
Paulo Marques;Jonathan Aldrich;3
Jonathan Aldrich;Sven Stork;2
Sven Stork;Jonathan Aldrich;2
Jordi Torres;Artur Andrzejak;1
Artur Andrzejak;Jordi Torres;1
Jordi Torres;Javier Alonso;1
Javier Alonso;Jordi Torres;1
Jordi Torres;Luís Silva;1
Luís Silva;Jordi Torres;1
Jorge Bernardino;Bipin C. Desai;3
Bipin C. Desai;Jorge Bernardino;3
Jorge Bernardino;Bruno Cabral;5
Bruno Cabral;Jorge Bernardino;5
Jorge Bernardino;Henrique Madeira;3
Henrique Madeira;Jorge Bernardino;3
Jorge Bernardino;Jorge Vieira;3
Jorge Vieira;Jorge Bernardino;3
Jorge Bernardino;Marco Vieira;21
Marco Vieira;Jorge Bernardino;21
Jorge Bernardino;Nuno Laranjeiro;1
Nuno Laranjeiro;Jorge Bernardino;1
Jorge Bernardino;Pedro Furtado;13
Pedro Furtado;Jorge Bernardino;13
Jorge Bernardino;Raquel Rute Duarte Almeida;2
Raquel Rute Duarte Almeida;Jorge Bernardino;2
Jorge Bernardino;Ricardo Jorge Santos;24
Ricardo Jorge Santos;Jorge Bernardino;24
Jorge Bernardino;Rui André Correia de Oliveira;1
Rui André Correia de Oliveira;Jorge Bernardino;1
Jorge Farinha;Attila Marosi;1
Attila Marosi;Jorge Farinha;1
Jorge Farinha;David Santiago;1
David Santiago;Jorge Farinha;1
Jorge Farinha;Derrik Kondo;1
Derrik Kondo;Jorge Farinha;1
Jorge Farinha;Diogo Ferreira;1
Diogo Ferreira;Jorge Farinha;1
Jorge Farinha;Etienne Urbah;1
Etienne Urbah;Jorge Farinha;1
Jorge Farinha;Filipe Araujo;2
Filipe Araujo;Jorge Farinha;2
Jorge Farinha;Gheorghe Cosmin Silaghi;1
Gheorghe Cosmin Silaghi;Jorge Farinha;1
Jorge Farinha;Gábor Gombás;1
Gábor Gombás;Jorge Farinha;1
Jorge Farinha;Luís Silva;1
Luís Silva;Jorge Farinha;1
Jorge Farinha;Oleg Lodygensky;1
Oleg Lodygensky;Jorge Farinha;1
Jorge Farinha;Patricio Domingues;2
Patricio Domingues;Jorge Farinha;2
Jorge Farinha;Péter Kacsuk;1
Péter Kacsuk;Jorge Farinha;1
Jorge Farinha;Zoltán Balaton;1
Zoltán Balaton;Jorge Farinha;1
Jorge Farinha;Zoltán Farkas;1
Zoltán Farkas;Jorge Farinha;1
Jorge Vieira;Henrique Madeira;6
Henrique Madeira;Jorge Vieira;6
Jorge Vieira;Jorge Bernardino;3
Jorge Bernardino;Jorge Vieira;3
Jorge Vieira;Marco Aurélio Costa;2
Marco Aurélio Costa;Jorge Vieira;2
Jorge Vieira;Marco Vieira;5
Marco Vieira;Jorge Vieira;5
Jorge Vieira;Raquel Rute Duarte Almeida;2
Raquel Rute Duarte Almeida;Jorge Vieira;2
José Carlos Bregieiro Ribeiro;Ana Filipa Nogueira;4
Ana Filipa Nogueira;José Carlos Bregieiro Ribeiro;4
José Carlos Bregieiro Ribeiro;Bruno Miguel Luis;1
Bruno Miguel Luis;José Carlos Bregieiro Ribeiro;1
José Carlos Bregieiro Ribeiro;Francisco Fernández de Vega;12
Francisco Fernández de Vega;José Carlos Bregieiro Ribeiro;12
José Carlos Bregieiro Ribeiro;Mário Alberto Zenha Rela;15
Mário Alberto Zenha Rela;José Carlos Bregieiro Ribeiro;15
José Carlos Coelho Martins da Fonseca;Henrique Madeira;13
Henrique Madeira;José Carlos Coelho Martins da Fonseca;13
José Carlos Coelho Martins da Fonseca;Ivano Alessandro Elia;1
Ivano Alessandro Elia;José Carlos Coelho Martins da Fonseca;1
José Carlos Coelho Martins da Fonseca;Joao Duraes;1
Joao Duraes;José Carlos Coelho Martins da Fonseca;1
José Carlos Coelho Martins da Fonseca;Marco Vieira;18
Marco Vieira;José Carlos Coelho Martins da Fonseca;18
José Cecílio;João Pedro Costa;12
João Pedro Costa;José Cecílio;12
José Cecílio;Pedro Furtado;27
Pedro Furtado;José Cecílio;27
José Feiteirinha;Eduardo Gomez;1
Eduardo Gomez;José Feiteirinha;1
José Feiteirinha;Juan F Prieto;1
Juan F Prieto;José Feiteirinha;1
José Feiteirinha;Luís Pureza;1
Luís Pureza;José Feiteirinha;1
José Feiteirinha;Mauro Pecchioli;2
Mauro Pecchioli;José Feiteirinha;2
José Feiteirinha;Niklas Lindman;1
Niklas Lindman;José Feiteirinha;1
José Feiteirinha;Paulo Marques;1
Paulo Marques;José Feiteirinha;1
José Feiteirinha;Pedro Bizarro;1
Pedro Bizarro;José Feiteirinha;1
José Luis Guerra da Rocha Nunes;João Carlos Cunha;4
João Carlos Cunha;José Luis Guerra da Rocha Nunes;4
José Luis Guerra da Rocha Nunes;Mário Alberto Zenha Rela;4
Mário Alberto Zenha Rela;José Luis Guerra da Rocha Nunes;4
José Luis Guerra da Rocha Nunes;Raul Barbosa;3
Raul Barbosa;José Luis Guerra da Rocha Nunes;3
João Carlos Cunha;Henrique Madeira;1
Henrique Madeira;João Carlos Cunha;1
João Carlos Cunha;Joao Duraes;1
Joao Duraes;João Carlos Cunha;1
João Carlos Cunha;José Luis Guerra da Rocha Nunes;4
José Luis Guerra da Rocha Nunes;João Carlos Cunha;4
João Carlos Cunha;Marco Vieira;7
Marco Vieira;João Carlos Cunha;7
João Carlos Cunha;Mário Alberto Zenha Rela;8
Mário Alberto Zenha Rela;João Carlos Cunha;8
João Carlos Cunha;Nuno Antunes;2
Nuno Antunes;João Carlos Cunha;2
João Carlos Cunha;Nuno Silva;1
Nuno Silva;João Carlos Cunha;1
João Carlos Cunha;Raul Barbosa;3
Raul Barbosa;João Carlos Cunha;3
João Carlos Cunha;Ricardo Barbosa;2
Ricardo Barbosa;João Carlos Cunha;2
João Gabriel Silva;Aline Maria Santos Andrade;1
Aline Maria Santos Andrade;João Gabriel Silva;1
João Gabriel Silva;Carlos Alberto Maziero;1
Carlos Alberto Maziero;João Gabriel Silva;1
João Gabriel Silva;Fernando Aldea-Montero;1
Fernando Aldea-Montero;João Gabriel Silva;1
João Gabriel Silva;Flávio Morais de Assis Silva;1
Flávio Morais de Assis Silva;João Gabriel Silva;1
João Gabriel Silva;Han van Loon;1
Han van Loon;João Gabriel Silva;1
João Gabriel Silva;Henrique Madeira;4
Henrique Madeira;João Gabriel Silva;4
João Gabriel Silva;Johan Karlsson;1
Johan Karlsson;João Gabriel Silva;1
João Gabriel Silva;João Pedro Costa;1
João Pedro Costa;João Gabriel Silva;1
João Gabriel Silva;Luís Silva;2
Luís Silva;João Gabriel Silva;2
João Gabriel Silva;Manuel Rodríguez;1
Manuel Rodríguez;João Gabriel Silva;1
João Gabriel Silva;Mário Alberto Zenha Rela;1
Mário Alberto Zenha Rela;João Gabriel Silva;1
João Gabriel Silva;Patricia Rodríguez-Dapena;1
Patricia Rodríguez-Dapena;João Gabriel Silva;1
João Gabriel Silva;Patricio Domingues;1
Patricio Domingues;João Gabriel Silva;1
João Gabriel Silva;Paula Prata;1
Paula Prata;João Gabriel Silva;1
João Pedro Costa;Henrique Madeira;1
Henrique Madeira;João Pedro Costa;1
João Pedro Costa;José Cecílio;12
José Cecílio;João Pedro Costa;12
João Pedro Costa;João Gabriel Silva;1
João Gabriel Silva;João Pedro Costa;1
João Pedro Costa;Pedro Furtado;17
Pedro Furtado;João Pedro Costa;17
João Pedro Maia Rafael;Alcides Fonseca;2
Alcides Fonseca;João Pedro Maia Rafael;2
João Pedro Maia Rafael;Bruno Cabral;2
Bruno Cabral;João Pedro Maia Rafael;2
Juan A. Gomez-Pulido;David Pereira;1
David Pereira;Juan A. Gomez-Pulido;1
Juan A. Gomez-Pulido;Juan M. Sánchez-Pérez;1
Juan M. Sánchez-Pérez;Juan A. Gomez-Pulido;1
Juan A. Gomez-Pulido;Luís Silva;1
Luís Silva;Juan A. Gomez-Pulido;1
Juan A. Gomez-Pulido;Miguel A. Vega-Rodríguez;1
Miguel A. Vega-Rodríguez;Juan A. Gomez-Pulido;1
Juan A. Gomez-Pulido;Patricio Domingues;1
Patricio Domingues;Juan A. Gomez-Pulido;1
Juan A. Gomez-Pulido;Renato Vale;1
Renato Vale;Juan A. Gomez-Pulido;1
Juan A. Gomez-Pulido;Sílvio Mendes;1
Sílvio Mendes;Juan A. Gomez-Pulido;1
Juan Carlos García;F. Moreira;1
F. Moreira;Juan Carlos García;1
Juan Carlos García;Henrique Madeira;1
Henrique Madeira;Juan Carlos García;1
Juan Carlos García;Karama Kanoun;1
Karama Kanoun;Juan Carlos García;1
Juan Carlos García;Mario Dal Cin;1
Mario Dal Cin;Juan Carlos García;1
Juan F Prieto;Eduardo Gomez;1
Eduardo Gomez;Juan F Prieto;1
Juan F Prieto;José Feiteirinha;1
José Feiteirinha;Juan F Prieto;1
Juan F Prieto;Marco Vieira;1
Marco Vieira;Juan F Prieto;1
Juan F Prieto;Mauro Pecchioli;2
Mauro Pecchioli;Juan F Prieto;2
Juan F Prieto;Paulo Marques;1
Paulo Marques;Juan F Prieto;1
Juan F Prieto;Pedro Bizarro;1
Pedro Bizarro;Juan F Prieto;1
Juan F Prieto;Vicente Navarro;1
Vicente Navarro;Juan F Prieto;1
Juan M. Sánchez-Pérez;David Pereira;1
David Pereira;Juan M. Sánchez-Pérez;1
Juan M. Sánchez-Pérez;Juan A. Gomez-Pulido;1
Juan A. Gomez-Pulido;Juan M. Sánchez-Pérez;1
Juan M. Sánchez-Pérez;Luís Silva;1
Luís Silva;Juan M. Sánchez-Pérez;1
Juan M. Sánchez-Pérez;Miguel A. Vega-Rodríguez;1
Miguel A. Vega-Rodríguez;Juan M. Sánchez-Pérez;1
Juan M. Sánchez-Pérez;Patricio Domingues;1
Patricio Domingues;Juan M. Sánchez-Pérez;1
Juan M. Sánchez-Pérez;Renato Vale;1
Renato Vale;Juan M. Sánchez-Pérez;1
Juan M. Sánchez-Pérez;Sílvio Mendes;1
Sílvio Mendes;Juan M. Sánchez-Pérez;1
Júlio Estrella;Douglas Rodrigues;3
Douglas Rodrigues;Júlio Estrella;3
Júlio Estrella;Francisco Mónaco;1
Francisco Mónaco;Júlio Estrella;1
Júlio Estrella;Kalinka Branco;4
Kalinka Branco;Júlio Estrella;4
Júlio Estrella;Marco Vieira;4
Marco Vieira;Júlio Estrella;4
Júlio Estrella;Nuno Antunes;1
Nuno Antunes;Júlio Estrella;1
Kalinka Branco;Douglas Rodrigues;3
Douglas Rodrigues;Kalinka Branco;3
Kalinka Branco;Francisco Mónaco;1
Francisco Mónaco;Kalinka Branco;1
Kalinka Branco;Júlio Estrella;4
Júlio Estrella;Kalinka Branco;4
Kalinka Branco;Marco Vieira;4
Marco Vieira;Kalinka Branco;4
Kalinka Branco;Nuno Antunes;1
Nuno Antunes;Kalinka Branco;1
Karama Kanoun;F. Moreira;1
F. Moreira;Karama Kanoun;1
Karama Kanoun;Henrique Madeira;1
Henrique Madeira;Karama Kanoun;1
Karama Kanoun;Juan Carlos García;1
Juan Carlos García;Karama Kanoun;1
Karama Kanoun;Mario Dal Cin;1
Mario Dal Cin;Karama Kanoun;1
Luis Henriques;Diamantino Costa;1
Diamantino Costa;Luis Henriques;1
Luis Henriques;Henrique Madeira;1
Henrique Madeira;Luis Henriques;1
Luis Henriques;Ricardo Barbosa;1
Ricardo Barbosa;Luis Henriques;1
Luis Henriques;Ricardo Maia;1
Ricardo Maia;Luis Henriques;1
Luis Orleans;Carlo Emmanoel Tolla de Oliveira;1
Carlo Emmanoel Tolla de Oliveira;Luis Orleans;1
Luis Orleans;Pedro Furtado;2
Pedro Furtado;Luis Orleans;2
Luis Pinto;Filipe Araujo;1
Filipe Araujo;Luis Pinto;1
Luis Pinto;Tiago Santos;1
Tiago Santos;Luis Pinto;1
Luís Eduardo Santos;Marco Vieira;1
Marco Vieira;Luís Eduardo Santos;1
Luís Pureza;José Feiteirinha;1
José Feiteirinha;Luís Pureza;1
Luís Pureza;Mauro Pecchioli;1
Mauro Pecchioli;Luís Pureza;1
Luís Pureza;Niklas Lindman;1
Niklas Lindman;Luís Pureza;1
Luís Pureza;Paulo Marques;1
Paulo Marques;Luís Pureza;1
Luís Rodrigues;Filipe Araujo;2
Filipe Araujo;Luís Rodrigues;2
Luís Silva;Alvaro E. Arenas;4
Alvaro E. Arenas;Luís Silva;4
Luís Silva;Artur Andrzejak;9
Artur Andrzejak;Luís Silva;9
Luís Silva;Attila Marosi;1
Attila Marosi;Luís Silva;1
Luís Silva;Bruno Cabral;1
Bruno Cabral;Luís Silva;1
Luís Silva;Carlos Cunha;3
Carlos Cunha;Luís Silva;3
Luís Silva;David Pereira;1
David Pereira;Luís Silva;1
Luís Silva;David Santiago;1
David Santiago;Luís Silva;1
Luís Silva;Decio Sousa;3
Decio Sousa;Luís Silva;3
Luís Silva;Derrik Kondo;4
Derrik Kondo;Luís Silva;4
Luís Silva;Diogo Ferreira;1
Diogo Ferreira;Luís Silva;1
Luís Silva;Etienne Urbah;1
Etienne Urbah;Luís Silva;1
Luís Silva;Fernando Costa;5
Fernando Costa;Luís Silva;5
Luís Silva;Filipe Araujo;9
Filipe Araujo;Luís Silva;9
Luís Silva;Franck Capello;1
Franck Capello;Luís Silva;1
Luís Silva;Gheorghe Cosmin Silaghi;4
Gheorghe Cosmin Silaghi;Luís Silva;4
Luís Silva;Gilles Fedak;3
Gilles Fedak;Luís Silva;3
Luís Silva;Gábor Gombás;1
Gábor Gombás;Luís Silva;1
Luís Silva;Henrique Madeira;1
Henrique Madeira;Luís Silva;1
Luís Silva;Ian Kelley;4
Ian Kelley;Luís Silva;4
Luís Silva;Ian Taylor;1
Ian Taylor;Luís Silva;1
Luís Silva;Javier Alonso;1
Javier Alonso;Luís Silva;1
Luís Silva;Joao Paulo Magalhaes;9
Joao Paulo Magalhaes;Luís Silva;9
Luís Silva;Jordi Torres;1
Jordi Torres;Luís Silva;1
Luís Silva;Jorge Farinha;1
Jorge Farinha;Luís Silva;1
Luís Silva;João Gabriel Silva;2
João Gabriel Silva;Luís Silva;2
Luís Silva;Juan A. Gomez-Pulido;1
Juan A. Gomez-Pulido;Luís Silva;1
Luís Silva;Juan M. Sánchez-Pérez;1
Juan M. Sánchez-Pérez;Luís Silva;1
Luís Silva;Miguel A. Vega-Rodríguez;1
Miguel A. Vega-Rodríguez;Luís Silva;1
Luís Silva;Nuno M. Rodrigues;1
Nuno M. Rodrigues;Luís Silva;1
Luís Silva;Nuno Moreno;1
Nuno Moreno;Luís Silva;1
Luís Silva;Oleg Lodygensky;1
Oleg Lodygensky;Luís Silva;1
Luís Silva;Patricio Domingues;22
Patricio Domingues;Luís Silva;22
Luís Silva;Paul Malecot;1
Paul Malecot;Luís Silva;1
Luís Silva;Paulo Marques;6
Paulo Marques;Luís Silva;6
Luís Silva;Péter Kacsuk;1
Péter Kacsuk;Luís Silva;1
Luís Silva;Renato Vale;1
Renato Vale;Luís Silva;1
Luís Silva;Sébastien Tixeuil;4
Sébastien Tixeuil;Luís Silva;4
Luís Silva;Sílvio Mendes;1
Sílvio Mendes;Luís Silva;1
Luís Silva;William  Hoarau;4
William  Hoarau;Luís Silva;4
Luís Silva;Zoltán Balaton;1
Zoltán Balaton;Luís Silva;1
Luís Silva;Zoltán Farkas;1
Zoltán Farkas;Luís Silva;1
Manuel Rodríguez;Fernando Aldea-Montero;1
Fernando Aldea-Montero;Manuel Rodríguez;1
Manuel Rodríguez;Han van Loon;1
Han van Loon;Manuel Rodríguez;1
Manuel Rodríguez;João Gabriel Silva;1
João Gabriel Silva;Manuel Rodríguez;1
Manuel Rodríguez;Patricia Rodríguez-Dapena;1
Patricia Rodríguez-Dapena;Manuel Rodríguez;1
Marcelo Rodrigues Nunes Mendes;Paulo Marques;7
Paulo Marques;Marcelo Rodrigues Nunes Mendes;7
Marcelo Rodrigues Nunes Mendes;Pedro Bizarro;7
Pedro Bizarro;Marcelo Rodrigues Nunes Mendes;7
Marco Aurélio Costa;Henrique Madeira;2
Henrique Madeira;Marco Aurélio Costa;2
Marco Aurélio Costa;Jorge Vieira;2
Jorge Vieira;Marco Aurélio Costa;2
Marco Aurélio Costa;Marco Vieira;2
Marco Vieira;Marco Aurélio Costa;2
Marco Vieira;A. Pataricza;2
A. Pataricza;Marco Vieira;2
Marco Vieira;Afonso Comba de Araújo Neto;16
Afonso Comba de Araújo Neto;Marco Vieira;16
Marco Vieira;Ana Maria Ambrósio;7
Ana Maria Ambrósio;Marco Vieira;7
Marco Vieira;Aniello Napolitano;2
Aniello Napolitano;Marco Vieira;2
Marco Vieira;António Casimiro Costa;5
António Casimiro Costa;Marco Vieira;5
Marco Vieira;Bruno Cabral;4
Bruno Cabral;Marco Vieira;4
Marco Vieira;Douglas Rodrigues;3
Douglas Rodrigues;Marco Vieira;3
Marco Vieira;Eliane Martins;2
Eliane Martins;Marco Vieira;2
Marco Vieira;Emilia Villani;4
Emilia Villani;Marco Vieira;4
Marco Vieira;Francisco Mónaco;1
Francisco Mónaco;Marco Vieira;1
Marco Vieira;G. Pintér;2
G. Pintér;Marco Vieira;2
Marco Vieira;Gabriella Carrozza;2
Gabriella Carrozza;Marco Vieira;2
Marco Vieira;Henrique Madeira;63
Henrique Madeira;Marco Vieira;63
Marco Vieira;I. Majzik;4
I. Majzik;Marco Vieira;4
Marco Vieira;Indira Patil;1
Indira Patil;Marco Vieira;1
Marco Vieira;Ivano Alessandro Elia;6
Ivano Alessandro Elia;Marco Vieira;6
Marco Vieira;Ivano Irrera;8
Ivano Irrera;Marco Vieira;8
Marco Vieira;Javier Cámara Moreno;6
Javier Cámara Moreno;Marco Vieira;6
Marco Vieira;Joao Duraes;14
Joao Duraes;Marco Vieira;14
Marco Vieira;Johan Karlsson;1
Johan Karlsson;Marco Vieira;1
Marco Vieira;Jorge Bernardino;21
Jorge Bernardino;Marco Vieira;21
Marco Vieira;Jorge Vieira;5
Jorge Vieira;Marco Vieira;5
Marco Vieira;José Carlos Coelho Martins da Fonseca;18
José Carlos Coelho Martins da Fonseca;Marco Vieira;18
Marco Vieira;João Carlos Cunha;7
João Carlos Cunha;Marco Vieira;7
Marco Vieira;Juan F Prieto;1
Juan F Prieto;Marco Vieira;1
Marco Vieira;Júlio Estrella;4
Júlio Estrella;Marco Vieira;4
Marco Vieira;Kalinka Branco;4
Kalinka Branco;Marco Vieira;4
Marco Vieira;Luís Eduardo Santos;1
Luís Eduardo Santos;Marco Vieira;1
Marco Vieira;Marco Aurélio Costa;2
Marco Aurélio Costa;Marco Vieira;2
Marco Vieira;Mauro Pecchioli;1
Mauro Pecchioli;Marco Vieira;1
Marco Vieira;Meikel Poess;2
Meikel Poess;Marco Vieira;2
Marco Vieira;Mário Alberto Zenha Rela;1
Mário Alberto Zenha Rela;Marco Vieira;1
Marco Vieira;Mônica Dixit;1
Mônica Dixit;Marco Vieira;1
Marco Vieira;Naaliel Mendes;5
Naaliel Mendes;Marco Vieira;5
Marco Vieira;Naghmeh Ramezani Ivaki;1
Naghmeh Ramezani Ivaki;Marco Vieira;1
Marco Vieira;Nuno Antunes;27
Nuno Antunes;Marco Vieira;27
Marco Vieira;Nuno Laranjeiro;40
Nuno Laranjeiro;Marco Vieira;40
Marco Vieira;Nuno Silva;6
Nuno Silva;Marco Vieira;6
Marco Vieira;Paulo C. Veras;4
Paulo C. Veras;Marco Vieira;4
Marco Vieira;Paulo Marques;1
Paulo Marques;Marco Vieira;1
Marco Vieira;Pedro Gonçalo Roque Correia;1
Pedro Gonçalo Roque Correia;Marco Vieira;1
Marco Vieira;Rafael Simões Ventura;5
Rafael Simões Ventura;Marco Vieira;5
Marco Vieira;Raghunath Nambiar;1
Raghunath Nambiar;Marco Vieira;1
Marco Vieira;Raquel Rute Duarte Almeida;11
Raquel Rute Duarte Almeida;Marco Vieira;11
Marco Vieira;Raul Barbosa;1
Raul Barbosa;Marco Vieira;1
Marco Vieira;Regina Moraes;3
Regina Moraes;Marco Vieira;3
Marco Vieira;Ricardo Barbosa;1
Ricardo Barbosa;Marco Vieira;1
Marco Vieira;Ricardo Jorge Santos;14
Ricardo Jorge Santos;Marco Vieira;14
Marco Vieira;Rodrigo P. Pontes;1
Rodrigo P. Pontes;Marco Vieira;1
Marco Vieira;Rogério de Lemos;6
Rogério de Lemos;Marco Vieira;6
Marco Vieira;Rui André Correia de Oliveira;6
Rui André Correia de Oliveira;Marco Vieira;6
Marco Vieira;Salvador Canelas;1
Salvador Canelas;Marco Vieira;1
Marco Vieira;Vicente Navarro;1
Vicente Navarro;Marco Vieira;1
Mario Dal Cin;F. Moreira;1
F. Moreira;Mario Dal Cin;1
Mario Dal Cin;Henrique Madeira;1
Henrique Madeira;Mario Dal Cin;1
Mario Dal Cin;Juan Carlos García;1
Juan Carlos García;Mario Dal Cin;1
Mario Dal Cin;Karama Kanoun;1
Karama Kanoun;Mario Dal Cin;1
Mauro Pecchioli;Eduardo Gomez;1
Eduardo Gomez;Mauro Pecchioli;1
Mauro Pecchioli;José Feiteirinha;2
José Feiteirinha;Mauro Pecchioli;2
Mauro Pecchioli;Juan F Prieto;2
Juan F Prieto;Mauro Pecchioli;2
Mauro Pecchioli;Luís Pureza;1
Luís Pureza;Mauro Pecchioli;1
Mauro Pecchioli;Marco Vieira;1
Marco Vieira;Mauro Pecchioli;1
Mauro Pecchioli;Niklas Lindman;1
Niklas Lindman;Mauro Pecchioli;1
Mauro Pecchioli;Paulo Marques;2
Paulo Marques;Mauro Pecchioli;2
Mauro Pecchioli;Pedro Bizarro;1
Pedro Bizarro;Mauro Pecchioli;1
Mauro Pecchioli;Vicente Navarro;1
Vicente Navarro;Mauro Pecchioli;1
Meikel Poess;Indira Patil;1
Indira Patil;Meikel Poess;1
Meikel Poess;Marco Vieira;2
Marco Vieira;Meikel Poess;2
Meikel Poess;Raghunath Nambiar;1
Raghunath Nambiar;Meikel Poess;1
Meikel Poess;Raquel Rute Duarte Almeida;1
Raquel Rute Duarte Almeida;Meikel Poess;1
Merkebe Getachew Demissie;Pedro Bizarro;1
Pedro Bizarro;Merkebe Getachew Demissie;1
Miguel A. Vega-Rodríguez;David Pereira;1
David Pereira;Miguel A. Vega-Rodríguez;1
Miguel A. Vega-Rodríguez;Juan A. Gomez-Pulido;1
Juan A. Gomez-Pulido;Miguel A. Vega-Rodríguez;1
Miguel A. Vega-Rodríguez;Juan M. Sánchez-Pérez;1
Juan M. Sánchez-Pérez;Miguel A. Vega-Rodríguez;1
Miguel A. Vega-Rodríguez;Luís Silva;1
Luís Silva;Miguel A. Vega-Rodríguez;1
Miguel A. Vega-Rodríguez;Patricio Domingues;1
Patricio Domingues;Miguel A. Vega-Rodríguez;1
Miguel A. Vega-Rodríguez;Renato Vale;1
Renato Vale;Miguel A. Vega-Rodríguez;1
Miguel A. Vega-Rodríguez;Sílvio Mendes;1
Sílvio Mendes;Miguel A. Vega-Rodríguez;1
Miguel Cardenas-Montes;Ad Emmen;2
Ad Emmen;Miguel Cardenas-Montes;2
Miguel Cardenas-Montes;Attila Marosi;2
Attila Marosi;Miguel Cardenas-Montes;2
Miguel Cardenas-Montes;Filipe Araujo;2
Filipe Araujo;Miguel Cardenas-Montes;2
Miguel Cardenas-Montes;Gilles Fedak;2
Gilles Fedak;Miguel Cardenas-Montes;2
Miguel Cardenas-Montes;Gábor Gombás;2
Gábor Gombás;Miguel Cardenas-Montes;2
Miguel Cardenas-Montes;Gábor Terstyánszky;2
Gábor Terstyánszky;Miguel Cardenas-Montes;2
Miguel Cardenas-Montes;Ian Kelly;2
Ian Kelly;Miguel Cardenas-Montes;2
Miguel Cardenas-Montes;Ian Taylor;2
Ian Taylor;Miguel Cardenas-Montes;2
Miguel Cardenas-Montes;Oleg Lodygensky;2
Oleg Lodygensky;Miguel Cardenas-Montes;2
Miguel Cardenas-Montes;Péter Kacsuk;2
Péter Kacsuk;Miguel Cardenas-Montes;2
Miguel Cardenas-Montes;Róbert Lovas;2
Róbert Lovas;Miguel Cardenas-Montes;2
Miguel Cardenas-Montes;Tamas Kiss;2
Tamas Kiss;Miguel Cardenas-Montes;2
Miguel Cardenas-Montes;Zoltán Balaton;2
Zoltán Balaton;Miguel Cardenas-Montes;2
Miguel Cardenas-Montes;Zoltán Farkas;2
Zoltán Farkas;Miguel Cardenas-Montes;2
Mário Alberto Zenha Rela;Ana Filipa Nogueira;4
Ana Filipa Nogueira;Mário Alberto Zenha Rela;4
Mário Alberto Zenha Rela;Bruno Miguel Luis;1
Bruno Miguel Luis;Mário Alberto Zenha Rela;1
Mário Alberto Zenha Rela;Eudisley Gomes dos Anjos;4
Eudisley Gomes dos Anjos;Mário Alberto Zenha Rela;4
Mário Alberto Zenha Rela;Francisco Fernández de Vega;12
Francisco Fernández de Vega;Mário Alberto Zenha Rela;12
Mário Alberto Zenha Rela;Gil Taran;1
Gil Taran;Mário Alberto Zenha Rela;1
Mário Alberto Zenha Rela;Henrique Madeira;1
Henrique Madeira;Mário Alberto Zenha Rela;1
Mário Alberto Zenha Rela;Joao Duraes;1
Joao Duraes;Mário Alberto Zenha Rela;1
Mário Alberto Zenha Rela;José Carlos Bregieiro Ribeiro;15
José Carlos Bregieiro Ribeiro;Mário Alberto Zenha Rela;15
Mário Alberto Zenha Rela;José Luis Guerra da Rocha Nunes;4
José Luis Guerra da Rocha Nunes;Mário Alberto Zenha Rela;4
Mário Alberto Zenha Rela;João Carlos Cunha;8
João Carlos Cunha;Mário Alberto Zenha Rela;8
Mário Alberto Zenha Rela;João Gabriel Silva;1
João Gabriel Silva;Mário Alberto Zenha Rela;1
Mário Alberto Zenha Rela;Marco Vieira;1
Marco Vieira;Mário Alberto Zenha Rela;1
Mário Alberto Zenha Rela;Paula Prata;1
Paula Prata;Mário Alberto Zenha Rela;1
Mário Alberto Zenha Rela;Paulo Marques;1
Paulo Marques;Mário Alberto Zenha Rela;1
Mário Alberto Zenha Rela;Pedro Bizarro;1
Pedro Bizarro;Mário Alberto Zenha Rela;1
Mário Alberto Zenha Rela;Raul Barbosa;10
Raul Barbosa;Mário Alberto Zenha Rela;10
Mário Alberto Zenha Rela;Ricardo Costa;8
Ricardo Costa;Mário Alberto Zenha Rela;8
Mônica Dixit;António Casimiro Costa;1
António Casimiro Costa;Mônica Dixit;1
Mônica Dixit;Marco Vieira;1
Marco Vieira;Mônica Dixit;1
Mônica Dixit;Nuno Laranjeiro;1
Nuno Laranjeiro;Mônica Dixit;1
Naaliel Mendes;Afonso Comba de Araújo Neto;1
Afonso Comba de Araújo Neto;Naaliel Mendes;1
Naaliel Mendes;Eliane Martins;3
Eliane Martins;Naaliel Mendes;3
Naaliel Mendes;Henrique Madeira;9
Henrique Madeira;Naaliel Mendes;9
Naaliel Mendes;Joao Duraes;7
Joao Duraes;Naaliel Mendes;7
Naaliel Mendes;Marco Vieira;5
Marco Vieira;Naaliel Mendes;5
Naaliel Mendes;Raquel Rute Duarte Almeida;1
Raquel Rute Duarte Almeida;Naaliel Mendes;1
Naaliel Mendes;Regina Moraes;3
Regina Moraes;Naaliel Mendes;3
Naaliel Mendes;Ricardo Barbosa;1
Ricardo Barbosa;Naaliel Mendes;1
Naghmeh Ramezani Ivaki;Diogo Ferreira;1
Diogo Ferreira;Naghmeh Ramezani Ivaki;1
Naghmeh Ramezani Ivaki;Fernando Barros;3
Fernando Barros;Naghmeh Ramezani Ivaki;3
Naghmeh Ramezani Ivaki;Filipe Araujo;9
Filipe Araujo;Naghmeh Ramezani Ivaki;9
Naghmeh Ramezani Ivaki;Marco Vieira;1
Marco Vieira;Naghmeh Ramezani Ivaki;1
Naghmeh Ramezani Ivaki;Nuno Laranjeiro;3
Nuno Laranjeiro;Naghmeh Ramezani Ivaki;3
Naghmeh Ramezani Ivaki;Raul Barbosa;1
Raul Barbosa;Naghmeh Ramezani Ivaki;1
Naghmeh Ramezani Ivaki;Serhiy Boychenko;1
Serhiy Boychenko;Naghmeh Ramezani Ivaki;1
Nicolas Bruno;David DeWitt;1
David DeWitt;Nicolas Bruno;1
Nicolas Bruno;Pedro Bizarro;1
Pedro Bizarro;Nicolas Bruno;1
Niklas Lindman;José Feiteirinha;1
José Feiteirinha;Niklas Lindman;1
Niklas Lindman;Luís Pureza;1
Luís Pureza;Niklas Lindman;1
Niklas Lindman;Mauro Pecchioli;1
Mauro Pecchioli;Niklas Lindman;1
Niklas Lindman;Paulo Marques;1
Paulo Marques;Niklas Lindman;1
Nuno Antunes;Aniello Napolitano;1
Aniello Napolitano;Nuno Antunes;1
Nuno Antunes;Douglas Rodrigues;1
Douglas Rodrigues;Nuno Antunes;1
Nuno Antunes;Francisco Mónaco;1
Francisco Mónaco;Nuno Antunes;1
Nuno Antunes;Gabriella Carrozza;1
Gabriella Carrozza;Nuno Antunes;1
Nuno Antunes;Henrique Madeira;3
Henrique Madeira;Nuno Antunes;3
Nuno Antunes;I. Majzik;1
I. Majzik;Nuno Antunes;1
Nuno Antunes;Joao Duraes;1
Joao Duraes;Nuno Antunes;1
Nuno Antunes;João Carlos Cunha;2
João Carlos Cunha;Nuno Antunes;2
Nuno Antunes;Júlio Estrella;1
Júlio Estrella;Nuno Antunes;1
Nuno Antunes;Kalinka Branco;1
Kalinka Branco;Nuno Antunes;1
Nuno Antunes;Marco Vieira;27
Marco Vieira;Nuno Antunes;27
Nuno Antunes;Nuno Laranjeiro;1
Nuno Laranjeiro;Nuno Antunes;1
Nuno Antunes;Regina Moraes;2
Regina Moraes;Nuno Antunes;2
Nuno Laranjeiro;Aniello Napolitano;2
Aniello Napolitano;Nuno Laranjeiro;2
Nuno Laranjeiro;António Casimiro Costa;1
António Casimiro Costa;Nuno Laranjeiro;1
Nuno Laranjeiro;Filipe Araujo;2
Filipe Araujo;Nuno Laranjeiro;2
Nuno Laranjeiro;Gabriella Carrozza;2
Gabriella Carrozza;Nuno Laranjeiro;2
Nuno Laranjeiro;Henrique Madeira;13
Henrique Madeira;Nuno Laranjeiro;13
Nuno Laranjeiro;Ivano Alessandro Elia;5
Ivano Alessandro Elia;Nuno Laranjeiro;5
Nuno Laranjeiro;Javier Cámara Moreno;4
Javier Cámara Moreno;Nuno Laranjeiro;4
Nuno Laranjeiro;Jorge Bernardino;1
Jorge Bernardino;Nuno Laranjeiro;1
Nuno Laranjeiro;Marco Vieira;40
Marco Vieira;Nuno Laranjeiro;40
Nuno Laranjeiro;Mônica Dixit;1
Mônica Dixit;Nuno Laranjeiro;1
Nuno Laranjeiro;Naghmeh Ramezani Ivaki;3
Naghmeh Ramezani Ivaki;Nuno Laranjeiro;3
Nuno Laranjeiro;Nuno Antunes;1
Nuno Antunes;Nuno Laranjeiro;1
Nuno Laranjeiro;Rafael Simões Ventura;4
Rafael Simões Ventura;Nuno Laranjeiro;4
Nuno Laranjeiro;Rogério de Lemos;4
Rogério de Lemos;Nuno Laranjeiro;4
Nuno Laranjeiro;Rui André Correia de Oliveira;6
Rui André Correia de Oliveira;Nuno Laranjeiro;6
Nuno Laranjeiro;Salvador Canelas;1
Salvador Canelas;Nuno Laranjeiro;1
Nuno M. Rodrigues;Decio Sousa;1
Decio Sousa;Nuno M. Rodrigues;1
Nuno M. Rodrigues;Luís Silva;1
Luís Silva;Nuno M. Rodrigues;1
Nuno Moreno;Decio Sousa;1
Decio Sousa;Nuno Moreno;1
Nuno Moreno;Luís Silva;1
Luís Silva;Nuno Moreno;1
Nuno Moreno;Sébastien Tixeuil;1
Sébastien Tixeuil;Nuno Moreno;1
Nuno Moreno;William  Hoarau;1
William  Hoarau;Nuno Moreno;1
Nuno Silva;Ana Maria Ambrósio;1
Ana Maria Ambrósio;Nuno Silva;1
Nuno Silva;Emilia Villani;1
Emilia Villani;Nuno Silva;1
Nuno Silva;Henrique Madeira;2
Henrique Madeira;Nuno Silva;2
Nuno Silva;Joao Duraes;1
Joao Duraes;Nuno Silva;1
Nuno Silva;João Carlos Cunha;1
João Carlos Cunha;Nuno Silva;1
Nuno Silva;Marco Vieira;6
Marco Vieira;Nuno Silva;6
Nuno Silva;Paulo C. Veras;1
Paulo C. Veras;Nuno Silva;1
Nuno Silva;Ricardo Barbosa;2
Ricardo Barbosa;Nuno Silva;2
Oleg Lodygensky;Ad Emmen;2
Ad Emmen;Oleg Lodygensky;2
Oleg Lodygensky;Attila Marosi;3
Attila Marosi;Oleg Lodygensky;3
Oleg Lodygensky;David Santiago;1
David Santiago;Oleg Lodygensky;1
Oleg Lodygensky;Diogo Ferreira;1
Diogo Ferreira;Oleg Lodygensky;1
Oleg Lodygensky;Etienne Urbah;2
Etienne Urbah;Oleg Lodygensky;2
Oleg Lodygensky;Filipe Araujo;4
Filipe Araujo;Oleg Lodygensky;4
Oleg Lodygensky;Gabriel Caillat;1
Gabriel Caillat;Oleg Lodygensky;1
Oleg Lodygensky;Gilles Fedak;3
Gilles Fedak;Oleg Lodygensky;3
Oleg Lodygensky;Gábor Gombás;3
Gábor Gombás;Oleg Lodygensky;3
Oleg Lodygensky;Gábor Terstyánszky;2
Gábor Terstyánszky;Oleg Lodygensky;2
Oleg Lodygensky;Haiwu He;1
Haiwu He;Oleg Lodygensky;1
Oleg Lodygensky;Ian Kelly;2
Ian Kelly;Oleg Lodygensky;2
Oleg Lodygensky;Ian Taylor;2
Ian Taylor;Oleg Lodygensky;2
Oleg Lodygensky;Jorge Farinha;1
Jorge Farinha;Oleg Lodygensky;1
Oleg Lodygensky;Luís Silva;1
Luís Silva;Oleg Lodygensky;1
Oleg Lodygensky;Miguel Cardenas-Montes;2
Miguel Cardenas-Montes;Oleg Lodygensky;2
Oleg Lodygensky;Patricio Domingues;1
Patricio Domingues;Oleg Lodygensky;1
Oleg Lodygensky;Péter Kacsuk;4
Péter Kacsuk;Oleg Lodygensky;4
Oleg Lodygensky;Róbert Lovas;2
Róbert Lovas;Oleg Lodygensky;2
Oleg Lodygensky;Tamas Kiss;2
Tamas Kiss;Oleg Lodygensky;2
Oleg Lodygensky;Zoltán Balaton;4
Zoltán Balaton;Oleg Lodygensky;4
Oleg Lodygensky;Zoltán Farkas;4
Zoltán Farkas;Oleg Lodygensky;4
Olga Marina Freitas Craveiro;Henrique Madeira;7
Henrique Madeira;Olga Marina Freitas Craveiro;7
Olga Marina Freitas Craveiro;Joaquim Macedo;7
Joaquim Macedo;Olga Marina Freitas Craveiro;7
Patricia Rodríguez-Dapena;Fernando Aldea-Montero;1
Fernando Aldea-Montero;Patricia Rodríguez-Dapena;1
Patricia Rodríguez-Dapena;Han van Loon;1
Han van Loon;Patricia Rodríguez-Dapena;1
Patricia Rodríguez-Dapena;João Gabriel Silva;1
João Gabriel Silva;Patricia Rodríguez-Dapena;1
Patricia Rodríguez-Dapena;Manuel Rodríguez;1
Manuel Rodríguez;Patricia Rodríguez-Dapena;1
Patricio Domingues;Alvaro E. Arenas;3
Alvaro E. Arenas;Patricio Domingues;3
Patricio Domingues;Artur Andrzejak;4
Artur Andrzejak;Patricio Domingues;4
Patricio Domingues;Attila Marosi;1
Attila Marosi;Patricio Domingues;1
Patricio Domingues;David Pereira;1
David Pereira;Patricio Domingues;1
Patricio Domingues;David Santiago;1
David Santiago;Patricio Domingues;1
Patricio Domingues;Derrik Kondo;5
Derrik Kondo;Patricio Domingues;5
Patricio Domingues;Diogo Ferreira;3
Diogo Ferreira;Patricio Domingues;3
Patricio Domingues;Etienne Urbah;1
Etienne Urbah;Patricio Domingues;1
Patricio Domingues;Filipe Araujo;13
Filipe Araujo;Patricio Domingues;13
Patricio Domingues;Franck Capello;1
Franck Capello;Patricio Domingues;1
Patricio Domingues;Gheorghe Cosmin Silaghi;4
Gheorghe Cosmin Silaghi;Patricio Domingues;4
Patricio Domingues;Gilles Fedak;1
Gilles Fedak;Patricio Domingues;1
Patricio Domingues;Gábor Gombás;1
Gábor Gombás;Patricio Domingues;1
Patricio Domingues;Jorge Farinha;2
Jorge Farinha;Patricio Domingues;2
Patricio Domingues;João Gabriel Silva;1
João Gabriel Silva;Patricio Domingues;1
Patricio Domingues;Juan A. Gomez-Pulido;1
Juan A. Gomez-Pulido;Patricio Domingues;1
Patricio Domingues;Juan M. Sánchez-Pérez;1
Juan M. Sánchez-Pérez;Patricio Domingues;1
Patricio Domingues;Luís Silva;22
Luís Silva;Patricio Domingues;22
Patricio Domingues;Miguel A. Vega-Rodríguez;1
Miguel A. Vega-Rodríguez;Patricio Domingues;1
Patricio Domingues;Oleg Lodygensky;1
Oleg Lodygensky;Patricio Domingues;1
Patricio Domingues;Paul Malecot;1
Paul Malecot;Patricio Domingues;1
Patricio Domingues;Paulo Marques;4
Paulo Marques;Patricio Domingues;4
Patricio Domingues;Péter Kacsuk;1
Péter Kacsuk;Patricio Domingues;1
Patricio Domingues;Renato Vale;1
Renato Vale;Patricio Domingues;1
Patricio Domingues;Sílvio Mendes;1
Sílvio Mendes;Patricio Domingues;1
Patricio Domingues;Zoltán Balaton;1
Zoltán Balaton;Patricio Domingues;1
Patricio Domingues;Zoltán Farkas;1
Zoltán Farkas;Patricio Domingues;1
Paul Malecot;Derrik Kondo;1
Derrik Kondo;Paul Malecot;1
Paul Malecot;Filipe Araujo;1
Filipe Araujo;Paul Malecot;1
Paul Malecot;Franck Capello;1
Franck Capello;Paul Malecot;1
Paul Malecot;Gilles Fedak;1
Gilles Fedak;Paul Malecot;1
Paul Malecot;Luís Silva;1
Luís Silva;Paul Malecot;1
Paul Malecot;Patricio Domingues;1
Patricio Domingues;Paul Malecot;1
Paula Prata;Henrique Madeira;1
Henrique Madeira;Paula Prata;1
Paula Prata;João Gabriel Silva;1
João Gabriel Silva;Paula Prata;1
Paula Prata;Mário Alberto Zenha Rela;1
Mário Alberto Zenha Rela;Paula Prata;1
Paulo C. Veras;Ana Maria Ambrósio;4
Ana Maria Ambrósio;Paulo C. Veras;4
Paulo C. Veras;Emilia Villani;4
Emilia Villani;Paulo C. Veras;4
Paulo C. Veras;Henrique Madeira;4
Henrique Madeira;Paulo C. Veras;4
Paulo C. Veras;Marco Vieira;4
Marco Vieira;Paulo C. Veras;4
Paulo C. Veras;Nuno Silva;1
Nuno Silva;Paulo C. Veras;1
Paulo C. Veras;Rodrigo P. Pontes;1
Rodrigo P. Pontes;Paulo C. Veras;1
Paulo Marques;Alcides Fonseca;2
Alcides Fonseca;Paulo Marques;2
Paulo Marques;Bruno Cabral;9
Bruno Cabral;Paulo Marques;9
Paulo Marques;David Alves;3
David Alves;Paulo Marques;3
Paulo Marques;Gil Taran;1
Gil Taran;Paulo Marques;1
Paulo Marques;Hernani Pedroso;1
Hernani Pedroso;Paulo Marques;1
Paulo Marques;Jonathan Aldrich;3
Jonathan Aldrich;Paulo Marques;3
Paulo Marques;José Feiteirinha;1
José Feiteirinha;Paulo Marques;1
Paulo Marques;Juan F Prieto;1
Juan F Prieto;Paulo Marques;1
Paulo Marques;Luís Pureza;1
Luís Pureza;Paulo Marques;1
Paulo Marques;Luís Silva;6
Luís Silva;Paulo Marques;6
Paulo Marques;Marcelo Rodrigues Nunes Mendes;7
Marcelo Rodrigues Nunes Mendes;Paulo Marques;7
Paulo Marques;Marco Vieira;1
Marco Vieira;Paulo Marques;1
Paulo Marques;Mauro Pecchioli;2
Mauro Pecchioli;Paulo Marques;2
Paulo Marques;Mário Alberto Zenha Rela;1
Mário Alberto Zenha Rela;Paulo Marques;1
Paulo Marques;Niklas Lindman;1
Niklas Lindman;Paulo Marques;1
Paulo Marques;Patricio Domingues;4
Patricio Domingues;Paulo Marques;4
Paulo Marques;Paulo Sacramento;2
Paulo Sacramento;Paulo Marques;2
Paulo Marques;Pedro Bizarro;13
Pedro Bizarro;Paulo Marques;13
Paulo Marques;Rafael Marmelo;2
Rafael Marmelo;Paulo Marques;2
Paulo Marques;Sven Stork;2
Sven Stork;Paulo Marques;2
Paulo Marques;Vicente Navarro;1
Vicente Navarro;Paulo Marques;1
Paulo Sacramento;Bruno Cabral;2
Bruno Cabral;Paulo Sacramento;2
Paulo Sacramento;Paulo Marques;2
Paulo Marques;Paulo Sacramento;2
Pedro Bizarro;David Alves;3
David Alves;Pedro Bizarro;3
Pedro Bizarro;David DeWitt;3
David DeWitt;Pedro Bizarro;3
Pedro Bizarro;Diogo Guerra;1
Diogo Guerra;Pedro Bizarro;1
Pedro Bizarro;Eduardo Gomez;1
Eduardo Gomez;Pedro Bizarro;1
Pedro Bizarro;Gil Taran;1
Gil Taran;Pedro Bizarro;1
Pedro Bizarro;Jennifer Widom;1
Jennifer Widom;Pedro Bizarro;1
Pedro Bizarro;José Feiteirinha;1
José Feiteirinha;Pedro Bizarro;1
Pedro Bizarro;Juan F Prieto;1
Juan F Prieto;Pedro Bizarro;1
Pedro Bizarro;Marcelo Rodrigues Nunes Mendes;7
Marcelo Rodrigues Nunes Mendes;Pedro Bizarro;7
Pedro Bizarro;Mauro Pecchioli;1
Mauro Pecchioli;Pedro Bizarro;1
Pedro Bizarro;Merkebe Getachew Demissie;1
Merkebe Getachew Demissie;Pedro Bizarro;1
Pedro Bizarro;Mário Alberto Zenha Rela;1
Mário Alberto Zenha Rela;Pedro Bizarro;1
Pedro Bizarro;Nicolas Bruno;1
Nicolas Bruno;Pedro Bizarro;1
Pedro Bizarro;Paulo Marques;13
Paulo Marques;Pedro Bizarro;13
Pedro Bizarro;Rafael Marmelo;2
Rafael Marmelo;Pedro Bizarro;2
Pedro Bizarro;Shivnath Babu;3
Shivnath Babu;Pedro Bizarro;3
Pedro Bizarro;Ute Gawlick;1
Ute Gawlick;Pedro Bizarro;1
Pedro Furtado;Carlo Emmanoel Tolla de Oliveira;1
Carlo Emmanoel Tolla de Oliveira;Pedro Furtado;1
Pedro Furtado;Filipe Araujo;1
Filipe Araujo;Pedro Furtado;1
Pedro Furtado;Jorge Bernardino;13
Jorge Bernardino;Pedro Furtado;13
Pedro Furtado;José Cecílio;27
José Cecílio;Pedro Furtado;27
Pedro Furtado;João Pedro Costa;17
João Pedro Costa;Pedro Furtado;17
Pedro Furtado;Luis Orleans;2
Luis Orleans;Pedro Furtado;2
Pedro Furtado;Raul Barbosa;1
Raul Barbosa;Pedro Furtado;1
Pedro Furtado;Ricardo Antunes;3
Ricardo Antunes;Pedro Furtado;3
Pedro Furtado;Rogério Luís de Carvalho Costa;12
Rogério Luís de Carvalho Costa;Pedro Furtado;12
Pedro Gonçalo Roque Correia;Javier Cámara Moreno;2
Javier Cámara Moreno;Pedro Gonçalo Roque Correia;2
Pedro Gonçalo Roque Correia;Marco Vieira;1
Marco Vieira;Pedro Gonçalo Roque Correia;1
Pedro Gonçalo Roque Correia;Rafael Simões Ventura;1
Rafael Simões Ventura;Pedro Gonçalo Roque Correia;1
Pedro Gonçalo Roque Correia;Rogério de Lemos;2
Rogério de Lemos;Pedro Gonçalo Roque Correia;2
Péter Kacsuk;Ad Emmen;2
Ad Emmen;Péter Kacsuk;2
Péter Kacsuk;Attila Marosi;3
Attila Marosi;Péter Kacsuk;3
Péter Kacsuk;David Santiago;1
David Santiago;Péter Kacsuk;1
Péter Kacsuk;Diogo Ferreira;1
Diogo Ferreira;Péter Kacsuk;1
Péter Kacsuk;Etienne Urbah;2
Etienne Urbah;Péter Kacsuk;2
Péter Kacsuk;Filipe Araujo;4
Filipe Araujo;Péter Kacsuk;4
Péter Kacsuk;Gabriel Caillat;1
Gabriel Caillat;Péter Kacsuk;1
Péter Kacsuk;Gilles Fedak;3
Gilles Fedak;Péter Kacsuk;3
Péter Kacsuk;Gábor Gombás;3
Gábor Gombás;Péter Kacsuk;3
Péter Kacsuk;Gábor Terstyánszky;2
Gábor Terstyánszky;Péter Kacsuk;2
Péter Kacsuk;Haiwu He;1
Haiwu He;Péter Kacsuk;1
Péter Kacsuk;Ian Kelly;2
Ian Kelly;Péter Kacsuk;2
Péter Kacsuk;Ian Taylor;2
Ian Taylor;Péter Kacsuk;2
Péter Kacsuk;Jorge Farinha;1
Jorge Farinha;Péter Kacsuk;1
Péter Kacsuk;Luís Silva;1
Luís Silva;Péter Kacsuk;1
Péter Kacsuk;Miguel Cardenas-Montes;2
Miguel Cardenas-Montes;Péter Kacsuk;2
Péter Kacsuk;Oleg Lodygensky;4
Oleg Lodygensky;Péter Kacsuk;4
Péter Kacsuk;Patricio Domingues;1
Patricio Domingues;Péter Kacsuk;1
Péter Kacsuk;Róbert Lovas;2
Róbert Lovas;Péter Kacsuk;2
Péter Kacsuk;Tamas Kiss;2
Tamas Kiss;Péter Kacsuk;2
Péter Kacsuk;Zoltán Balaton;4
Zoltán Balaton;Péter Kacsuk;4
Péter Kacsuk;Zoltán Farkas;4
Zoltán Farkas;Péter Kacsuk;4
Rafael Marmelo;Paulo Marques;2
Paulo Marques;Rafael Marmelo;2
Rafael Marmelo;Pedro Bizarro;2
Pedro Bizarro;Rafael Marmelo;2
Rafael Simões Ventura;Javier Cámara Moreno;6
Javier Cámara Moreno;Rafael Simões Ventura;6
Rafael Simões Ventura;Marco Vieira;5
Marco Vieira;Rafael Simões Ventura;5
Rafael Simões Ventura;Nuno Laranjeiro;4
Nuno Laranjeiro;Rafael Simões Ventura;4
Rafael Simões Ventura;Pedro Gonçalo Roque Correia;1
Pedro Gonçalo Roque Correia;Rafael Simões Ventura;1
Rafael Simões Ventura;Raquel Rute Duarte Almeida;1
Raquel Rute Duarte Almeida;Rafael Simões Ventura;1
Rafael Simões Ventura;Rogério de Lemos;6
Rogério de Lemos;Rafael Simões Ventura;6
Raghunath Nambiar;Indira Patil;1
Indira Patil;Raghunath Nambiar;1
Raghunath Nambiar;Marco Vieira;1
Marco Vieira;Raghunath Nambiar;1
Raghunath Nambiar;Meikel Poess;1
Meikel Poess;Raghunath Nambiar;1
Raghunath Nambiar;Raquel Rute Duarte Almeida;1
Raquel Rute Duarte Almeida;Raghunath Nambiar;1
Raquel Rute Duarte Almeida;Afonso Comba de Araújo Neto;1
Afonso Comba de Araújo Neto;Raquel Rute Duarte Almeida;1
Raquel Rute Duarte Almeida;Henrique Madeira;5
Henrique Madeira;Raquel Rute Duarte Almeida;5
Raquel Rute Duarte Almeida;Indira Patil;1
Indira Patil;Raquel Rute Duarte Almeida;1
Raquel Rute Duarte Almeida;Javier Cámara Moreno;1
Javier Cámara Moreno;Raquel Rute Duarte Almeida;1
Raquel Rute Duarte Almeida;Jorge Bernardino;2
Jorge Bernardino;Raquel Rute Duarte Almeida;2
Raquel Rute Duarte Almeida;Jorge Vieira;2
Jorge Vieira;Raquel Rute Duarte Almeida;2
Raquel Rute Duarte Almeida;Marco Vieira;11
Marco Vieira;Raquel Rute Duarte Almeida;11
Raquel Rute Duarte Almeida;Meikel Poess;1
Meikel Poess;Raquel Rute Duarte Almeida;1
Raquel Rute Duarte Almeida;Naaliel Mendes;1
Naaliel Mendes;Raquel Rute Duarte Almeida;1
Raquel Rute Duarte Almeida;Rafael Simões Ventura;1
Rafael Simões Ventura;Raquel Rute Duarte Almeida;1
Raquel Rute Duarte Almeida;Raghunath Nambiar;1
Raghunath Nambiar;Raquel Rute Duarte Almeida;1
Raquel Rute Duarte Almeida;Rogério de Lemos;1
Rogério de Lemos;Raquel Rute Duarte Almeida;1
Raul Barbosa;António Casimiro Costa;3
António Casimiro Costa;Raul Barbosa;3
Raul Barbosa;Emilia Villani;2
Emilia Villani;Raul Barbosa;2
Raul Barbosa;Filipe Araujo;7
Filipe Araujo;Raul Barbosa;7
Raul Barbosa;Henrique Madeira;2
Henrique Madeira;Raul Barbosa;2
Raul Barbosa;Johan Karlsson;4
Johan Karlsson;Raul Barbosa;4
Raul Barbosa;José Luis Guerra da Rocha Nunes;3
José Luis Guerra da Rocha Nunes;Raul Barbosa;3
Raul Barbosa;João Carlos Cunha;3
João Carlos Cunha;Raul Barbosa;3
Raul Barbosa;Marco Vieira;1
Marco Vieira;Raul Barbosa;1
Raul Barbosa;Mário Alberto Zenha Rela;10
Mário Alberto Zenha Rela;Raul Barbosa;10
Raul Barbosa;Naghmeh Ramezani Ivaki;1
Naghmeh Ramezani Ivaki;Raul Barbosa;1
Raul Barbosa;Pedro Furtado;1
Pedro Furtado;Raul Barbosa;1
Raul Barbosa;Samuel Neves;1
Samuel Neves;Raul Barbosa;1
Raul Barbosa;Serhiy Boychenko;1
Serhiy Boychenko;Raul Barbosa;1
Regina Moraes;Eliane Martins;7
Eliane Martins;Regina Moraes;7
Regina Moraes;Henrique Madeira;6
Henrique Madeira;Regina Moraes;6
Regina Moraes;Joao Duraes;3
Joao Duraes;Regina Moraes;3
Regina Moraes;Marco Vieira;3
Marco Vieira;Regina Moraes;3
Regina Moraes;Naaliel Mendes;3
Naaliel Mendes;Regina Moraes;3
Regina Moraes;Nuno Antunes;2
Nuno Antunes;Regina Moraes;2
Regina Moraes;Ricardo Barbosa;2
Ricardo Barbosa;Regina Moraes;2
Regina Moraes;Rogério de Lemos;1
Rogério de Lemos;Regina Moraes;1
Renato Vale;David Pereira;1
David Pereira;Renato Vale;1
Renato Vale;Juan A. Gomez-Pulido;1
Juan A. Gomez-Pulido;Renato Vale;1
Renato Vale;Juan M. Sánchez-Pérez;1
Juan M. Sánchez-Pérez;Renato Vale;1
Renato Vale;Luís Silva;1
Luís Silva;Renato Vale;1
Renato Vale;Miguel A. Vega-Rodríguez;1
Miguel A. Vega-Rodríguez;Renato Vale;1
Renato Vale;Patricio Domingues;1
Patricio Domingues;Renato Vale;1
Renato Vale;Sílvio Mendes;1
Sílvio Mendes;Renato Vale;1
Ricardo Antunes;Pedro Furtado;3
Pedro Furtado;Ricardo Antunes;3
Ricardo Antunes;Rogério Luís de Carvalho Costa;1
Rogério Luís de Carvalho Costa;Ricardo Antunes;1
Ricardo Barbosa;Diamantino Costa;2
Diamantino Costa;Ricardo Barbosa;2
Ricardo Barbosa;Eliane Martins;2
Eliane Martins;Ricardo Barbosa;2
Ricardo Barbosa;Henrique Madeira;5
Henrique Madeira;Ricardo Barbosa;5
Ricardo Barbosa;Joao Duraes;3
Joao Duraes;Ricardo Barbosa;3
Ricardo Barbosa;João Carlos Cunha;2
João Carlos Cunha;Ricardo Barbosa;2
Ricardo Barbosa;Luis Henriques;1
Luis Henriques;Ricardo Barbosa;1
Ricardo Barbosa;Marco Vieira;1
Marco Vieira;Ricardo Barbosa;1
Ricardo Barbosa;Naaliel Mendes;1
Naaliel Mendes;Ricardo Barbosa;1
Ricardo Barbosa;Nuno Silva;2
Nuno Silva;Ricardo Barbosa;2
Ricardo Barbosa;Regina Moraes;2
Regina Moraes;Ricardo Barbosa;2
Ricardo Barbosa;Ricardo Maia;1
Ricardo Maia;Ricardo Barbosa;1
Ricardo Costa;Mário Alberto Zenha Rela;8
Mário Alberto Zenha Rela;Ricardo Costa;8
Ricardo Jorge Santos;Jorge Bernardino;24
Jorge Bernardino;Ricardo Jorge Santos;24
Ricardo Jorge Santos;Marco Vieira;14
Marco Vieira;Ricardo Jorge Santos;14
Ricardo Maia;Diamantino Costa;1
Diamantino Costa;Ricardo Maia;1
Ricardo Maia;Henrique Madeira;1
Henrique Madeira;Ricardo Maia;1
Ricardo Maia;Luis Henriques;1
Luis Henriques;Ricardo Maia;1
Ricardo Maia;Ricardo Barbosa;1
Ricardo Barbosa;Ricardo Maia;1
Rodrigo P. Pontes;Ana Maria Ambrósio;1
Ana Maria Ambrósio;Rodrigo P. Pontes;1
Rodrigo P. Pontes;Emilia Villani;1
Emilia Villani;Rodrigo P. Pontes;1
Rodrigo P. Pontes;Henrique Madeira;1
Henrique Madeira;Rodrigo P. Pontes;1
Rodrigo P. Pontes;Marco Vieira;1
Marco Vieira;Rodrigo P. Pontes;1
Rodrigo P. Pontes;Paulo C. Veras;1
Paulo C. Veras;Rodrigo P. Pontes;1
Rogério Luís de Carvalho Costa;Pedro Furtado;12
Pedro Furtado;Rogério Luís de Carvalho Costa;12
Rogério Luís de Carvalho Costa;Ricardo Antunes;1
Ricardo Antunes;Rogério Luís de Carvalho Costa;1
Rogério de Lemos;António Casimiro Costa;1
António Casimiro Costa;Rogério de Lemos;1
Rogério de Lemos;Cristina Gacek;2
Cristina Gacek;Rogério de Lemos;2
Rogério de Lemos;D. Weyns;2
D. Weyns;Rogério de Lemos;2
Rogério de Lemos;Eliane Martins;2
Eliane Martins;Rogério de Lemos;2
Rogério de Lemos;J. Andersson;3
J. Andersson;Rogério de Lemos;3
Rogério de Lemos;Javier Cámara Moreno;10
Javier Cámara Moreno;Rogério de Lemos;10
Rogério de Lemos;Marco Vieira;6
Marco Vieira;Rogério de Lemos;6
Rogério de Lemos;Nuno Laranjeiro;4
Nuno Laranjeiro;Rogério de Lemos;4
Rogério de Lemos;Pedro Gonçalo Roque Correia;2
Pedro Gonçalo Roque Correia;Rogério de Lemos;2
Rogério de Lemos;Rafael Simões Ventura;6
Rafael Simões Ventura;Rogério de Lemos;6
Rogério de Lemos;Raquel Rute Duarte Almeida;1
Raquel Rute Duarte Almeida;Rogério de Lemos;1
Rogério de Lemos;Regina Moraes;1
Regina Moraes;Rogério de Lemos;1
Rogério de Lemos;S. Malek;2
S. Malek;Rogério de Lemos;2
Rui André Correia de Oliveira;Jorge Bernardino;1
Jorge Bernardino;Rui André Correia de Oliveira;1
Rui André Correia de Oliveira;Marco Vieira;6
Marco Vieira;Rui André Correia de Oliveira;6
Rui André Correia de Oliveira;Nuno Laranjeiro;6
Nuno Laranjeiro;Rui André Correia de Oliveira;6
Róbert Lovas;Ad Emmen;2
Ad Emmen;Róbert Lovas;2
Róbert Lovas;Attila Marosi;2
Attila Marosi;Róbert Lovas;2
Róbert Lovas;Filipe Araujo;2
Filipe Araujo;Róbert Lovas;2
Róbert Lovas;Gilles Fedak;2
Gilles Fedak;Róbert Lovas;2
Róbert Lovas;Gábor Gombás;2
Gábor Gombás;Róbert Lovas;2
Róbert Lovas;Gábor Terstyánszky;2
Gábor Terstyánszky;Róbert Lovas;2
Róbert Lovas;Ian Kelly;2
Ian Kelly;Róbert Lovas;2
Róbert Lovas;Ian Taylor;2
Ian Taylor;Róbert Lovas;2
Róbert Lovas;Miguel Cardenas-Montes;2
Miguel Cardenas-Montes;Róbert Lovas;2
Róbert Lovas;Oleg Lodygensky;2
Oleg Lodygensky;Róbert Lovas;2
Róbert Lovas;Péter Kacsuk;2
Péter Kacsuk;Róbert Lovas;2
Róbert Lovas;Tamas Kiss;2
Tamas Kiss;Róbert Lovas;2
Róbert Lovas;Zoltán Balaton;2
Zoltán Balaton;Róbert Lovas;2
Róbert Lovas;Zoltán Farkas;2
Zoltán Farkas;Róbert Lovas;2
S. Malek;D. Weyns;2
D. Weyns;S. Malek;2
S. Malek;J. Andersson;2
J. Andersson;S. Malek;2
S. Malek;Rogério de Lemos;2
Rogério de Lemos;S. Malek;2
Salvador Canelas;Marco Vieira;1
Marco Vieira;Salvador Canelas;1
Salvador Canelas;Nuno Laranjeiro;1
Nuno Laranjeiro;Salvador Canelas;1
Samuel Neves;António Casimiro Costa;1
António Casimiro Costa;Samuel Neves;1
Samuel Neves;Filipe Araujo;7
Filipe Araujo;Samuel Neves;7
Samuel Neves;Raul Barbosa;1
Raul Barbosa;Samuel Neves;1
Serhiy Boychenko;António Casimiro Costa;1
António Casimiro Costa;Serhiy Boychenko;1
Serhiy Boychenko;Filipe Araujo;6
Filipe Araujo;Serhiy Boychenko;6
Serhiy Boychenko;Naghmeh Ramezani Ivaki;1
Naghmeh Ramezani Ivaki;Serhiy Boychenko;1
Serhiy Boychenko;Raul Barbosa;1
Raul Barbosa;Serhiy Boychenko;1
Shivnath Babu;David DeWitt;2
David DeWitt;Shivnath Babu;2
Shivnath Babu;Jennifer Widom;1
Jennifer Widom;Shivnath Babu;1
Shivnath Babu;Pedro Bizarro;3
Pedro Bizarro;Shivnath Babu;3
Sven Stork;Alcides Fonseca;1
Alcides Fonseca;Sven Stork;1
Sven Stork;Jonathan Aldrich;2
Jonathan Aldrich;Sven Stork;2
Sven Stork;Paulo Marques;2
Paulo Marques;Sven Stork;2
Sébastien Tixeuil;Decio Sousa;1
Decio Sousa;Sébastien Tixeuil;1
Sébastien Tixeuil;Luís Silva;4
Luís Silva;Sébastien Tixeuil;4
Sébastien Tixeuil;Nuno Moreno;1
Nuno Moreno;Sébastien Tixeuil;1
Sébastien Tixeuil;William  Hoarau;4
William  Hoarau;Sébastien Tixeuil;4
Sílvio Mendes;David Pereira;1
David Pereira;Sílvio Mendes;1
Sílvio Mendes;Juan A. Gomez-Pulido;1
Juan A. Gomez-Pulido;Sílvio Mendes;1
Sílvio Mendes;Juan M. Sánchez-Pérez;1
Juan M. Sánchez-Pérez;Sílvio Mendes;1
Sílvio Mendes;Luís Silva;1
Luís Silva;Sílvio Mendes;1
Sílvio Mendes;Miguel A. Vega-Rodríguez;1
Miguel A. Vega-Rodríguez;Sílvio Mendes;1
Sílvio Mendes;Patricio Domingues;1
Patricio Domingues;Sílvio Mendes;1
Sílvio Mendes;Renato Vale;1
Renato Vale;Sílvio Mendes;1
Tamas Kiss;Ad Emmen;2
Ad Emmen;Tamas Kiss;2
Tamas Kiss;Attila Marosi;2
Attila Marosi;Tamas Kiss;2
Tamas Kiss;Filipe Araujo;2
Filipe Araujo;Tamas Kiss;2
Tamas Kiss;Gilles Fedak;2
Gilles Fedak;Tamas Kiss;2
Tamas Kiss;Gábor Gombás;2
Gábor Gombás;Tamas Kiss;2
Tamas Kiss;Gábor Terstyánszky;2
Gábor Terstyánszky;Tamas Kiss;2
Tamas Kiss;Ian Kelly;2
Ian Kelly;Tamas Kiss;2
Tamas Kiss;Ian Taylor;2
Ian Taylor;Tamas Kiss;2
Tamas Kiss;Miguel Cardenas-Montes;2
Miguel Cardenas-Montes;Tamas Kiss;2
Tamas Kiss;Oleg Lodygensky;2
Oleg Lodygensky;Tamas Kiss;2
Tamas Kiss;Péter Kacsuk;2
Péter Kacsuk;Tamas Kiss;2
Tamas Kiss;Róbert Lovas;2
Róbert Lovas;Tamas Kiss;2
Tamas Kiss;Zoltán Balaton;2
Zoltán Balaton;Tamas Kiss;2
Tamas Kiss;Zoltán Farkas;2
Zoltán Farkas;Tamas Kiss;2
Tiago Santos;Filipe Araujo;1
Filipe Araujo;Tiago Santos;1
Tiago Santos;Luis Pinto;1
Luis Pinto;Tiago Santos;1
Ute Gawlick;Diogo Guerra;1
Diogo Guerra;Ute Gawlick;1
Ute Gawlick;Pedro Bizarro;1
Pedro Bizarro;Ute Gawlick;1
Vicente Navarro;Juan F Prieto;1
Juan F Prieto;Vicente Navarro;1
Vicente Navarro;Marco Vieira;1
Marco Vieira;Vicente Navarro;1
Vicente Navarro;Mauro Pecchioli;1
Mauro Pecchioli;Vicente Navarro;1
Vicente Navarro;Paulo Marques;1
Paulo Marques;Vicente Navarro;1
William  Hoarau;Decio Sousa;1
Decio Sousa;William  Hoarau;1
William  Hoarau;Luís Silva;4
Luís Silva;William  Hoarau;4
William  Hoarau;Nuno Moreno;1
Nuno Moreno;William  Hoarau;1
William  Hoarau;Sébastien Tixeuil;4
Sébastien Tixeuil;William  Hoarau;4
Zoltán Balaton;Ad Emmen;2
Ad Emmen;Zoltán Balaton;2
Zoltán Balaton;Attila Marosi;3
Attila Marosi;Zoltán Balaton;3
Zoltán Balaton;David Santiago;1
David Santiago;Zoltán Balaton;1
Zoltán Balaton;Diogo Ferreira;1
Diogo Ferreira;Zoltán Balaton;1
Zoltán Balaton;Etienne Urbah;2
Etienne Urbah;Zoltán Balaton;2
Zoltán Balaton;Filipe Araujo;4
Filipe Araujo;Zoltán Balaton;4
Zoltán Balaton;Gabriel Caillat;1
Gabriel Caillat;Zoltán Balaton;1
Zoltán Balaton;Gilles Fedak;3
Gilles Fedak;Zoltán Balaton;3
Zoltán Balaton;Gábor Gombás;3
Gábor Gombás;Zoltán Balaton;3
Zoltán Balaton;Gábor Terstyánszky;2
Gábor Terstyánszky;Zoltán Balaton;2
Zoltán Balaton;Haiwu He;1
Haiwu He;Zoltán Balaton;1
Zoltán Balaton;Ian Kelly;2
Ian Kelly;Zoltán Balaton;2
Zoltán Balaton;Ian Taylor;2
Ian Taylor;Zoltán Balaton;2
Zoltán Balaton;Jorge Farinha;1
Jorge Farinha;Zoltán Balaton;1
Zoltán Balaton;Luís Silva;1
Luís Silva;Zoltán Balaton;1
Zoltán Balaton;Miguel Cardenas-Montes;2
Miguel Cardenas-Montes;Zoltán Balaton;2
Zoltán Balaton;Oleg Lodygensky;4
Oleg Lodygensky;Zoltán Balaton;4
Zoltán Balaton;Patricio Domingues;1
Patricio Domingues;Zoltán Balaton;1
Zoltán Balaton;Péter Kacsuk;4
Péter Kacsuk;Zoltán Balaton;4
Zoltán Balaton;Róbert Lovas;2
Róbert Lovas;Zoltán Balaton;2
Zoltán Balaton;Tamas Kiss;2
Tamas Kiss;Zoltán Balaton;2
Zoltán Balaton;Zoltán Farkas;4
Zoltán Farkas;Zoltán Balaton;4
Zoltán Farkas;Ad Emmen;2
Ad Emmen;Zoltán Farkas;2
Zoltán Farkas;Attila Marosi;3
Attila Marosi;Zoltán Farkas;3
Zoltán Farkas;David Santiago;1
David Santiago;Zoltán Farkas;1
Zoltán Farkas;Diogo Ferreira;1
Diogo Ferreira;Zoltán Farkas;1
Zoltán Farkas;Etienne Urbah;2
Etienne Urbah;Zoltán Farkas;2
Zoltán Farkas;Filipe Araujo;4
Filipe Araujo;Zoltán Farkas;4
Zoltán Farkas;Gabriel Caillat;1
Gabriel Caillat;Zoltán Farkas;1
Zoltán Farkas;Gilles Fedak;3
Gilles Fedak;Zoltán Farkas;3
Zoltán Farkas;Gábor Gombás;3
Gábor Gombás;Zoltán Farkas;3
Zoltán Farkas;Gábor Terstyánszky;2
Gábor Terstyánszky;Zoltán Farkas;2
Zoltán Farkas;Haiwu He;1
Haiwu He;Zoltán Farkas;1
Zoltán Farkas;Ian Kelly;2
Ian Kelly;Zoltán Farkas;2
Zoltán Farkas;Ian Taylor;2
Ian Taylor;Zoltán Farkas;2
Zoltán Farkas;Jorge Farinha;1
Jorge Farinha;Zoltán Farkas;1
Zoltán Farkas;Luís Silva;1
Luís Silva;Zoltán Farkas;1
Zoltán Farkas;Miguel Cardenas-Montes;2
Miguel Cardenas-Montes;Zoltán Farkas;2
Zoltán Farkas;Oleg Lodygensky;4
Oleg Lodygensky;Zoltán Farkas;4
Zoltán Farkas;Patricio Domingues;1
Patricio Domingues;Zoltán Farkas;1
Zoltán Farkas;Péter Kacsuk;4
Péter Kacsuk;Zoltán Farkas;4
Zoltán Farkas;Róbert Lovas;2
Róbert Lovas;Zoltán Farkas;2
Zoltán Farkas;Tamas Kiss;2
Tamas Kiss;Zoltán Farkas;2
Zoltán Farkas;Zoltán Balaton;4
Zoltán Balaton;Zoltán Farkas;4
